STT;CÂU HỎI GỐC;TRẢ LỜI CHUẨN;NGUỒN;ĐẶT LÀM CÂU HỎI MỞ ĐẦU;CHO PHÉP TRỢ LÝ ẢO HỌC THÔNG TIN NÀY;URL ẢNH;URL VIDEO;SHORT QUESTION;ĐẾM SỐ TỪ SHORT QUESTION (Giới hạn của SHOT QUESTION là 20 ký tự);FOLLOW-UP
1;Arobid là gì?;"Arobid là một hệ sinh thái TMĐT B2B đột phá, cung cấp giải pháp kết nối doanh nghiệp Việt Nam với thị trường toàn cầu bởi:
- Arobid B2B Marketplace: Nền tảng giao thương trực tuyến dành cho doanh nghiệp, giúp tối ưu chuỗi cung ứng, tìm kiếm đối tác, đàm phán thương mại, quản lý hợp đồng điện tử bằng công nghệ AI và dữ liệu lớn.
- Arobid TradeXpo: Hệ thống triển lãm thương mại số, hỗ trợ doanh nghiệp tham gia hội chợ trực tuyến, tổ chức gian hàng số 3D, tối ưu trải nghiệm và mua bán trực tiếp với các Nhà triển lãm và mở rộng thị trường quốc tế. Đặc biệt, Arobid TradeXpo cho phép các Nhà Mua và Nhà Bán giao thương trực tiếp trên nền tảng số hóa, lưu lịch sử giao dịch không chỉ trong thời gian triển lãm số diễn ra mà còn diễn ra 365 ngày, 24/7
- Arobid Goods for Good: Nền tảng thương mại bền vững, hỗ trợ doanh nghiệp thực hiện trách nhiệm xã hội (CSR, ESG) minh bạch bằng hàng hóa và dịch vụ thông qua kết nối với tổ chức phi lợi nhuận và cộng đồng, góp phần tạo ra tác động lớn cho xã hội, phát triển cộng đồng doanh nghiệp xanh và bền vững, xã hội phồn vinh.
Ngoài ra, Arobid còn kiến tạo hệ sinh thái các Đối tác liên minh (Alliance Partners) trong nước và quốc tế đa ngành từ tài chính, bảo hiểm, ESG toàn cầu, báo cáo rủi ro doanh nghiệp đến các dịch vụ B2B bao gồm cả công nghệ và chuyển đổi số, đổi mới sáng tạo.
Hiện Arobid đang phối hợp với: Sở Công Thương Thành phố Hồ Chí Minh, Hiệp hội ngành hàng, các Công ty xúc tiến thương mại trong nước và quốc tế, các đơn vị truyền thông… cùng hỗ trợ doanh nghiệp xây dựng thương hiệu trên môi trường trực tuyến và bước đầu mang lại những thành quả đáng khích lệ trong hoạt động xuất khẩu xuyên biên giới qua TMĐT.

Truy cập https://arobid.com/ để biết thêm thông tin.
Liên hệ [Trung tâm Hỗ trợ Arobid](https://arobid.com/help/vi) hoặc chat trực tuyến để được hướng dẫn thêm.";;No;Yes;;;;;"2;3;4;5"
4;Arobid Goods For Good là gì?;"Goods For Good – Cống hiến Minh Bạch, Hiệu Quả, Lan Tỏa Giá Trị
Goods For Good là nền tảng tiên phong giúp doanh nghiệp thực hiện trách nhiệm xã hội (CSR) một cách minh bạch, hiệu quả và dễ dàng.

Chúng tôi kết nối doanh nghiệp với các tổ chức bảo trợ xã hội và chiến dịch thiện nguyện, giúp tối ưu hóa việc đóng góp sản phẩm, hỗ trợ cộng đồng và giảm chi phí CSR. Không chỉ là hành động ý nghĩa, đây còn là cơ hội để doanh nghiệp xây dựng thương hiệu nhân văn, tạo dấu ấn tích cực và được xã hội ghi nhận.

Với các chương trình vinh danh doanh nghiệp trách nhiệm, Goods For Good giúp lan tỏa những giá trị tốt đẹp, đưa CSR trở thành động lực phát triển bền vững cho cả doanh nghiệp và cộng đồng!

Truy cập https://arobid.com/ để biết thêm thông tin.
Liên hệ [Trung tâm Hỗ trợ Arobid](https://arobid.com/help/vi) hoặc chat trực tuyến để được hướng dẫn thêm.";;No;Yes;;;;;"5;6;7;8"
5;Khi nào Arobid chính thức ra mắt?;"Chúng tôi đã ra mắt chính thức vào ngày 20/03/2025. Hiện tại, Arobid đang tập trung hoàn thiện hệ sinh thái thương mại điện tử B2B nhằm mang đến nền tảng kết nối, giao thương và phát triển bền vững tối ưu nhất cho doanh nghiệp.
Chúng tôi rất mong nhận được sự quan tâm, đồng hành của Quý vị trong giai đoạn này. Mọi đóng góp, phản hồi từ Quý đối tác và doanh nghiệp sẽ là những giá trị quý báu giúp Arobid hoàn thiện hơn, đáp ứng tốt nhất nhu cầu của cộng đồng doanh nghiệp Việt Nam và quốc tế.

Truy cập https://arobid.com/ để biết thêm thông tin.
Liên hệ [Trung tâm Hỗ trợ Arobid](https://arobid.com/help/vi) hoặc chat trực tuyến để được hướng dẫn thêm.";;No;Yes;;;;;"6;7;8;12"
7;Sứ mệnh của Arobid.;"• Vì sự phát triển bền vững của cộng đồng doanh nghiệp
• Vì sự hạnh phúc của người dân
• Vì sự thịnh vượng của quốc gia";;No;Yes;;;;;"8;11;10;9"
8;Tầm nhìn của Arobid.;"Vision: ""To drive a future where businesses connect seamlessly through technology, thrive sustainably, and create lasting value for people, environment and society.""
""Kiến tạo một tương lai nơi các doanh nghiệp kết nối liền mạch nhờ công nghệ, thịnh vượng bền vững và tạo ra giá trị lâu dài cho con người, môi trường và xã hội.""

Truy cập https://arobid.com/ để biết thêm thông tin.
Liên hệ [Trung tâm Hỗ trợ Arobid](https://arobid.com/help/vi) hoặc chat trực tuyến để được hướng dẫn thêm.";;No;Yes;;;;;"12;10;11;9"
90;Triển lãm số của Arobid là gì?;"Là nền tảng tiên phong kết nối các EXPO và chương trình xúc tiến thương mại (XTTM) online với doanh nghiệp, hiệp hội, câu lạc bộ trong nước và quốc tế, TradeXpo giúp mở rộng thị trường, đưa sản phẩm Việt Nam chất lượng cao và đặc sản địa phương vươn xa

Truy cập https://arobid.com/ để biết thêm thông tin.
Liên hệ [Trung tâm Hỗ trợ Arobid](https://arobid.com/help/vi) hoặc chat trực tuyến để được hướng dẫn thêm.";;No;Yes;;;;;
9;Vì sao nên mua hàng trên Arobid?;"Cơ Hội Không Giới Hạn Cho Doanh Nghiệp!
Dưới đây là những lợi ích vượt trội khi mua hàng trên Arobid:

Nguồn Cung Cấp Toàn Cầu – Kết nối với hàng triệu nhà sản xuất, nhà cung cấp uy tín từ khắp nơi trên thế giới.

Giá Tốt, Lựa Chọn Đa Dạng – Hàng triệu sản phẩm với nhiều phân khúc giá, dễ dàng tìm được nguồn hàng phù hợp với nhu cầu.

Mua Bán An Toàn - Arobid bảo vệ quyền lợi của bạn, đảm bảo thông tin .

Tùy Chỉnh Sản Phẩm, Đặt Hàng Số Lượng Lớn – Dễ dàng yêu cầu sản xuất theo thiết kế riêng, phù hợp với nhu cầu kinh doanh.

Hỗ Trợ Vận Chuyển Quốc Tế – Arobid hỗ trợ kết với với các đối tác cung cấp nhiều giải pháp logistics giúp tối ưu chi phí và thời gian giao hàng.

Truy cập https://arobid.com/ để biết thêm thông tin.
Liên hệ [Trung tâm Hỗ trợ Arobid](https://arobid.com/help/vi) hoặc chat trực tuyến để được hướng dẫn thêm.";;No;Yes;;;;;
10;Vì sao nên bán hàng trên Arobid?;"Bước Đệm Để Chinh Phục Thị Trường Toàn Cầu! 
Dưới đây là những lợi ích vượt trội khi bán hàng trên Arobid:

Tiếp Cận Hàng Triệu Khách Hàng Toàn Cầu – Arobid giúp bạn kết nối với người mua tiềm năng khắp thế giới.

Nâng Tầm Thương Hiệu, Xây Dựng Uy Tín – Tham gia Arobid giúp doanh nghiệp gia tăng độ tin cậy, nâng cao thương hiệu trên thị trường quốc tế.

Hỗ Trợ Quảng Cáo & Tối Ưu Tìm Kiếm – Với các công cụ marketing mạnh mẽ, sản phẩm của bạn sẽ dễ dàng tiếp cận khách hàng đúng mục tiêu.

Công Cụ Quản Lý & Tối Ưu Gian Hàng - Với các công cụ tối ưu gian hàng hiệu quả, giúp Doanh nghiệp giảm chi phí vận hành kinh doanh

Truy cập https://arobid.com/ để biết thêm thông tin.
Liên hệ [Trung tâm Hỗ trợ Arobid](https://arobid.com/help/vi) hoặc chat trực tuyến để được hướng dẫn thêm.";;No;Yes;;;;;"13;11;12;14"
40;Doanh nghiệp trên Arobid đến từ đâu?;"Arobid là nền tảng thương mại điện tử B2B toàn cầu, được thiết kế để kết nối doanh nghiệp từ nhiều quốc gia, hỗ trợ giao thương xuyên biên giới một cách hiệu quả. Với hệ thống đa ngôn ngữ và công nghệ tiên tiến, Arobid thu hút cộng đồng doanh nghiệp đa dạng từ Việt Nam, Đông Nam Á, châu Âu, Mỹ, Trung Đông và nhiều khu vực khác.
Doanh nghiệp tham gia Arobid có thể dễ dàng tìm kiếm đối tác quốc tế, mở rộng thị trường và tận dụng các cơ hội kinh doanh toàn cầu trên một nền tảng số hiện đại, minh bạch và chuyên nghiệp.

Truy cập https://arobid.com/ để biết thêm thông tin.
Liên hệ [Trung tâm Hỗ trợ Arobid](https://arobid.com/help/vi) hoặc chat trực tuyến để được hướng dẫn thêm.";;No;Yes;;;;;"43;44;45;46"
47;Arobid có nền tảng gì?;"Arobid là một hệ sinh thái TMĐT B2B đột phá, cung cấp giải pháp kết nối doanh nghiệp Việt Nam với thị trường toàn cầu bởi:
- Arobid B2B Marketplace: Nền tảng giao thương trực tuyến dành cho doanh nghiệp, giúp tối ưu chuỗi cung ứng, tìm kiếm đối tác, đàm phán thương mại, quản lý hợp đồng điện tử bằng công nghệ AI và dữ liệu lớn.
- Arobid TradeXpo: Hệ thống triển lãm thương mại số, hỗ trợ doanh nghiệp tham gia hội chợ trực tuyến, tổ chức gian hàng số 3D, tối ưu trải nghiệm và mua bán trực tiếp với các Nhà triển lãm và mở rộng thị trường quốc tế. Đặc biệt, Arobid TradeXpo cho phép các Nhà Mua và Nhà Bán giao thương trực tiếp trên nền tảng số hóa, lưu lịch sử giao dịch không chỉ trong thời gian triển lãm số diễn ra mà còn diễn ra 365 ngày, 24/7
- Arobid Goods for Good: Nền tảng thương mại bền vững, hỗ trợ doanh nghiệp thực hiện trách nhiệm xã hội (CSR, ESG) minh bạch bằng hàng hóa và dịch vụ thông qua kết nối với tổ chức phi lợi nhuận và cộng đồng, góp phần tạo ra tác động lớn cho xã hội, phát triển cộng đồng doanh nghiệp xanh và bền vững, xã hội phồn vinh.
Ngoài ra, Arobid còn kiến tạo hệ sinh thái các Đối tác liên minh (Alliance Partners) trong nước và quốc tế đa ngành từ tài chính, bảo hiểm, ESG toàn cầu, báo cáo rủi ro doanh nghiệp đến các dịch vụ B2B bao gồm cả công nghệ và chuyển đổi số, đổi mới sáng tạo.
Hiện Arobid đang phối hợp với: Sở Công Thương Thành phố Hồ Chí Minh, Hiệp hội ngành hàng, các Công ty xúc tiến thương mại trong nước và quốc tế, các đơn vị truyền thông… cùng hỗ trợ doanh nghiệp xây dựng thương hiệu trên môi trường trực tuyến và bước đầu mang lại những thành quả đáng khích lệ trong hoạt động xuất khẩu xuyên biên giới qua TMĐT.

Truy cập https://arobid.com/ để biết thêm thông tin.
Liên hệ [Trung tâm Hỗ trợ Arobid](https://arobid.com/help/vi) hoặc chat trực tuyến để được hướng dẫn thêm.";;No;Yes;;;;;"2;3;4;5"
48;Arobid có dịch vụ gì? ;"Arobid là một hệ sinh thái TMĐT B2B đột phá, cung cấp giải pháp kết nối doanh nghiệp Việt Nam với thị trường toàn cầu bởi:
- Arobid B2B Marketplace: Nền tảng giao thương trực tuyến dành cho doanh nghiệp, giúp tối ưu chuỗi cung ứng, tìm kiếm đối tác, đàm phán thương mại, quản lý hợp đồng điện tử bằng công nghệ AI và dữ liệu lớn.
- Arobid TradeXpo: Hệ thống triển lãm thương mại số, hỗ trợ doanh nghiệp tham gia hội chợ trực tuyến, tổ chức gian hàng số 3D, tối ưu trải nghiệm và mua bán trực tiếp với các Nhà triển lãm và mở rộng thị trường quốc tế. Đặc biệt, Arobid TradeXpo cho phép các Nhà Mua và Nhà Bán giao thương trực tiếp trên nền tảng số hóa, lưu lịch sử giao dịch không chỉ trong thời gian triển lãm số diễn ra mà còn diễn ra 365 ngày, 24/7
- Arobid Goods for Good: Nền tảng thương mại bền vững, hỗ trợ doanh nghiệp thực hiện trách nhiệm xã hội (CSR, ESG) minh bạch bằng hàng hóa và dịch vụ thông qua kết nối với tổ chức phi lợi nhuận và cộng đồng, góp phần tạo ra tác động lớn cho xã hội, phát triển cộng đồng doanh nghiệp xanh và bền vững, xã hội phồn vinh.
Ngoài ra, Arobid còn kiến tạo hệ sinh thái các Đối tác liên minh (Alliance Partners) trong nước và quốc tế đa ngành từ tài chính, bảo hiểm, ESG toàn cầu, báo cáo rủi ro doanh nghiệp đến các dịch vụ B2B bao gồm cả công nghệ và chuyển đổi số, đổi mới sáng tạo.
Hiện Arobid đang phối hợp với: Sở Công Thương Thành phố Hồ Chí Minh, Hiệp hội ngành hàng, các Công ty xúc tiến thương mại trong nước và quốc tế, các đơn vị truyền thông… cùng hỗ trợ doanh nghiệp xây dựng thương hiệu trên môi trường trực tuyến và bước đầu mang lại những thành quả đáng khích lệ trong hoạt động xuất khẩu xuyên biên giới qua TMĐT.

Truy cập https://arobid.com/ để biết thêm thông tin.
Liên hệ [Trung tâm Hỗ trợ Arobid](https://arobid.com/help/vi) hoặc chat trực tuyến để được hướng dẫn thêm.";;No;Yes;;;;;"2;3;4;5"
49;Lợi ích khi mua hàng trên Arobid.;"Cơ Hội Không Giới Hạn Cho Doanh Nghiệp!
Dưới đây là những lợi ích vượt trội khi mua hàng trên Arobid:

Nguồn Cung Cấp Toàn Cầu – Kết nối với hàng triệu nhà sản xuất, nhà cung cấp uy tín từ khắp nơi trên thế giới.

Giá Tốt, Lựa Chọn Đa Dạng – Hàng triệu sản phẩm với nhiều phân khúc giá, dễ dàng tìm được nguồn hàng phù hợp với nhu cầu.

Mua Bán An Toàn - Arobid bảo vệ quyền lợi của bạn, đảm bảo thông tin .

Tùy Chỉnh Sản Phẩm, Đặt Hàng Số Lượng Lớn – Dễ dàng yêu cầu sản xuất theo thiết kế riêng, phù hợp với nhu cầu kinh doanh.

Hỗ Trợ Vận Chuyển Quốc Tế – Arobid hỗ trợ kết với với các đối tác cung cấp nhiều giải pháp logistics giúp tối ưu chi phí và thời gian giao hàng.

Truy cập https://arobid.com/ để biết thêm thông tin.
Liên hệ [Trung tâm Hỗ trợ Arobid](https://arobid.com/help/vi) hoặc chat trực tuyến để được hướng dẫn thêm.";;No;Yes;;;;;
50;Lợi ích khi bán hàng trên Arobid.;"Bước Đệm Để Chinh Phục Thị Trường Toàn Cầu! 
Dưới đây là những lợi ích vượt trội khi bán hàng trên Arobid:

Tiếp Cận Hàng Triệu Khách Hàng Toàn Cầu – Arobid giúp bạn kết nối với người mua tiềm năng khắp thế giới.

Nâng Tầm Thương Hiệu, Xây Dựng Uy Tín – Tham gia Arobid giúp doanh nghiệp gia tăng độ tin cậy, nâng cao thương hiệu trên thị trường quốc tế.

Hỗ Trợ Quảng Cáo & Tối Ưu Tìm Kiếm – Với các công cụ marketing mạnh mẽ, sản phẩm của bạn sẽ dễ dàng tiếp cận khách hàng đúng mục tiêu.

Công Cụ Quản Lý & Tối Ưu Gian Hàng - Với các công cụ tối ưu gian hàng hiệu quả, giúp Doanh nghiệp giảm chi phí vận hành kinh doanh

Truy cập https://arobid.com/ để biết thêm thông tin.
Liên hệ [Trung tâm Hỗ trợ Arobid](https://arobid.com/help/vi) hoặc chat trực tuyến để được hướng dẫn thêm.";;Yes;Yes;;;;;
108;Mục tiêu hoạt động của Arobid?;"• Vì sự phát triển bền vững của cộng đồng doanh nghiệp
• Vì sự hạnh phúc của người dân
• Vì sự thịnh vượng của quốc gia";;No;Yes;;;;;
64;Arobid có gì khác biệt so với Alibaba, Amazon hay Shopee?;"- Arobid không phải sàn B2C như Shopee, Lazada hay Amazon.
- Arobid là nền tảng TMĐT B2B kết nối toàn diện cho chuỗi cung ứng toàn cầu.
- Không thu phí giao dịch, và không can thiệp vào thanh toán giữa Nhà Mua - Nhà Bán.
- Tích hợp TradeXpo và Goods for Good, hỗ trợ xúc tiến thương mại và CSR ngay trên nền tảng.
- Ứng dụng trí tuệ nhân tạo A.I và dữ liệu lớn giúp Buyer và Seller kết nối hiệu quả hơn.";;No;Yes;;;;;
67;Câu chuyện thương hiệu Arobid? ;"Một ngày cuối năm 2021, khi cả đất nước Việt Nam vừa choàng tỉnh giấc mộng dài sau những ngày cách ly toàn xã hội vì đại dịch Covid, một thảm họa toàn cầu của thế kỷ, những cảm xúc vui buồn lẫn lộn của việc tái hòa nhập cộng đồng, người hết cách ly người, nhà hết cách ly nhà. Các hoạt động khác của cuộc sống, của doanh nghiệp, của nền kinh tế Việt Nam và toàn cầu được hoạt động trở lại! Đâu đó, hình ảnh và thông tin của những sự kết nối đầy yêu thương, chia sẻ trong đại dịch vẫn còn đó, cùng với những khó khăn trước mắt của hầu hết mọi doanh nghiệp, mọi lĩnh vực kinh tế…khi trước mắt là con đường dài để phục hồi.

Trong giai đoạn khó khăn này, sự kết nối online và thương mại điện tử đã tạo lên biết bao giá trị khi mà mọi hoạt động tiếp xúc vật lý bị ngưng trệ… và còn tuyệt vời hơn khi các giá trị yêu thương, sự sẻ chia nhờ công nghệ mà kết nối, nhờ internet mà hành động. Nhưng, hầu hết các Doanh Nghiệp Việt Nam dường như phải đứng ngoài cuộc khi mà tại Việt Nam mới chỉ có các sàn TMĐT B2B2C cho các loại hàng hóa tiêu dùng, mà chưa có một nền tảng TMĐT nào dành cho B2B, cho các doanh nghiệp cung cấp nguyên vật liệu, phụ liệu, phụ kiện phụ trợ, máy móc thiết bị, nhà cung cấp dịch vụ,.., cũng chưa có nền tảng xúc tiến thương mại song phương đa phương cho các tổ chức, hiệp hội doanh nghiệp, câu lạc bộ doanh nghiệp. Các cơ quan chức năng của nhà nước cũng chưa có công cụ hữu hiệu để xúc tiến thương mại, hỗ trợ doanh nghiệp phát triển và vươn ra toàn cầu.
Cũng chưa có nền tảng số hóa nào cho phép các doanh nghiệp được thực hiện sứ mệnh CSR một cách dễ dàng, minh bạch. Giúp các doanh nghiệp thực thi các giá trị mang đến cho xã hội cộng đồng mà và có được sự yêu thương của cộng đồng dành cho mình, mang lại “Lợi người, lợi mình”

TẠI SAO LẠI LÀ AROBID?
Và đó là những khát khao khiến Arobid - Tích hợp 3 nền tảng số cho các hoạt động toàn vẹn của Doanh Nghiệp ra đời với mong muốn xây dựng một môi trường kinh doanh thuận tiện và hiệu quả trên nền tảng số TMĐT, nơi kết nối các doanh nghiệp, cùng nhau tạo lên sức mạnh để vươn tầm, cùng các Doanh Nghiệp Việt Nam ra thế giới, và đưa các doanh nghiệp thế giới về với Việt Nam.
Arobid “A Road to Big Deals”, tạo ra con đường nơi các doanh nghiệp không chỉ bắt tay nhau cho các dự án phát triển kinh doanh bền vững mà còn tạo ra giá trị cho quốc gia và cho xã hội. 

Chữ A - chữ cái đầu tiên của bảng chữ cái Alphabet, là sự khởi đầu và tiên phong. Arobid định hình là nhà tiên phong trong lĩnh vực TMĐT B2B tại Việt Nam, bao gồm cả XTTM online mạnh mẽ và nền tảng cho mỗi doanh nghiệp thực thi sứ mệnh cống hiến cho môi trường và xã hội (CSR). 
Arobo với biểu tượng của Linh dương Ares: Tượng trưng cho những phẩm chất mạnh mẽ, quyết đoán, đầy năng lượng, sẵn sàng khám phá và chinh phục mọi thử thách. Arobo đại diện cho sự khởi đầu, sáng tạo, tiên phong, chân thành và quyết thắng. Arobo biểu trưng cho những cá nhân sẵn sàng đương đầu với mọi thử thách mới và không ngại bước vào những con đường chưa từng ai khám phá với ý chí mạnh mẽ và khao khát cống hiến cho xã hội và cộng đồng.";;No;Yes;;;;;
68;Arobo - Nhân vật truyền cảm hứng của Arobid. ;"Arobo là linh vật mang tính biểu tượng mạnh mẽ của Arobid, được cách điệu từ hình ảnh linh dương - một loài vật không chỉ nhanh nhẹn mà còn quả cảm và kiên cường. Arobo hiện diện như một đại sứ đầy năng lượng, thể hiện đúng tinh thần mà Arobid muốn truyền tải: sự kết nối linh hoạt, tinh thần vượt khó và bền vững trong kinh doanh toàn cầu.

1. Biểu Tượng Của Sự Nhanh Nhẹn, Thông Minh và Quả Cảm
Linh dương vốn nổi tiếng với khả năng nhanh nhẹn, dũng mãnh và quyết đoán, luôn sẵn sàng vượt qua mọi chướng ngại. Arobo mang tinh thần này, đại diện cho sự linh hoạt và thông minh trong cách kết nối các doanh nghiệp trên toàn cầu. Nhưng không chỉ vậy, Arobo còn thể hiện sự quả cảm - sẵn sàng đối mặt với thử thách, giống như cách mà Arobid tiên phong trong việc xây dựng môi trường thương mại B2B toàn diện.
Tinh thần quả cảm: Arobo không chỉ biết cách dẫn dắt, tìm kiếm cơ hội, mà còn dũng cảm tiến lên phía trước, không ngại đối diện với khó khăn. Đó là hình ảnh của một doanh nghiệp kiên định, dũng mãnh, sẵn sàng khám phá thị trường mới, mở rộng hợp tác quốc tế, và không bao giờ dừng bước trước thử thách.

2. Năng Động và Đầy Nhiệt Huyết
Arobo với nụ cười tươi tắn và cử chỉ thân thiện, thể hiện năng lượng dồi dào và tinh thần tích cực. Điều này phản ánh đúng giá trị của Arobid: luôn đam mê, nhiệt huyết và quyết tâm, không chỉ hỗ trợ doanh nghiệp tìm kiếm cơ hội mà còn giúp họ vươn tầm thế giới.
Khả năng thích ứng linh hoạt của Arobo cũng là một điểm mạnh, giống như Arobid luôn sẵn sàng thích nghi với những thay đổi của thị trường, mang lại giải pháp tối ưu nhất cho các đối tác kinh doanh.

3. Tinh Thần Kết Nối và Cộng Hưởng
Arobo là cầu nối giữa các doanh nghiệp trong hệ sinh thái Arobid, mang lại sự kết nối liền mạch và hiệu quả. Tương tự như linh dương dẫn đường cho cả đàn, Arobo giúp doanh nghiệp tìm thấy con đường giao thương dễ dàng, tạo ra các mối quan hệ bền chặt và tương trợ lẫn nhau.
Tinh thần win-win-win: Arobo đại diện cho triết lý win-win-win mà Arobid theo đuổi: người mua, người bán và Arobid cùng hưởng lợi từ mỗi giao dịch thành công. Bằng cách giúp các bên kết nối một cách nhanh chóng, chính xác và hiệu quả, Arobo tạo ra giá trị cộng hưởng vượt xa một giao dịch đơn thuần.

4. Đại Diện Cho Sự Phát Triển Bền Vững và Trách Nhiệm Xã Hội
Sự bền bỉ và kiên định: Giống như linh dương, Arobo thể hiện tính bền bỉ và khả năng tồn tại dài lâu trong những môi trường khắc nghiệt nhất. Điều này phản ánh cam kết của Arobid về phát triển bền vững, giúp các doanh nghiệp không chỉ tăng trưởng nhanh chóng mà còn bền vững theo thời gian.
Trách nhiệm xã hội (CSR): Tích hợp với nền tảng Goods For Good, Arobo cũng là đại diện cho tinh thần chia sẻ và lòng nhân ái. Arobo thúc đẩy các doanh nghiệp thực hiện trách nhiệm xã hội của mình bằng cách đóng góp hàng hóa và dịch vụ một cách minh bạch và hiệu quả, từ đó tạo ra những tác động tích cực đến cộng đồng.

5. Phong Cách Hiện Đại, Thân Thiện và Dễ Gần
Thiết kế của Arobo mang phong cách hiện đại và gần gũi, với vẻ ngoài dễ thương nhưng không kém phần chuyên nghiệp. Điều này phản ánh đúng tinh thần mà Arobid muốn xây dựng: một nền tảng B2B thân thiện, dễ sử dụng và luôn sẵn sàng hỗ trợ doanh nghiệp.
Màu sắc tươi sáng như cam, trắng và xanh thể hiện sự tươi mới, tích cực, đồng thời cũng mang lại cảm giác đáng tin cậy và an toàn.

Kết Luận: Arobo - Tinh Thần Nhanh Nhẹn, Quả Cảm và Kết Nối Không Giới Hạn
Arobo không chỉ là biểu tượng mà còn là người dẫn đường đầy tự hào của Arobid. Với tinh thần quả cảm, nhanh nhẹn và bền bỉ, Arobo chính là đại diện cho những giá trị cốt lõi mà Arobid luôn hướng tới: kết nối bền vững, phát triển không ngừng và cộng hưởng giá trị xã hội.
Dù trong việc tìm kiếm cơ hội kinh doanh, kết nối giao thương quốc tế hay thực hiện trách nhiệm xã hội, Arobo luôn sẵn sàng đối diện và vượt qua mọi thách thức. Slogan “A Road to Big Deals” của Arobid khi kết hợp với Arobo chính là hình ảnh của một hành trình không ngừng tiến lên, nơi mỗi doanh nghiệp có thể tự tin tiến bước và đạt được những thành công vượt trội.
Với Arobo, Arobid không chỉ là một nền tảng thương mại điện tử, mà là một người bạn đồng hành dũng cảm, luôn dẫn dắt các doanh nghiệp vượt qua rào cản, tìm thấy những cơ hội mới và phát triển bền vững trên toàn cầu.";;No;Yes;;;;;
80;Định nghĩa ngắn gọn về Arobid?;"Arobid là hệ sinh thái thương mại điện tử B2B toàn cầu có nguồn gốc từ Việt Nam, được xây dựng để kết nối doanh nghiệp trên toàn thế giới thông qua các giải pháp số toàn diện về thương mại, tài chính và đổi mới sáng tạo.
 Chúng tôi hướng đến sứ mệnh nâng tầm doanh nghiệp Việt và khu vực lên chuỗi giá trị toàn cầu, thúc đẩy giao thương bền vững và tạo nên một cộng đồng doanh nghiệp thông minh, xanh và kết nối toàn cầu.";;No;Yes;;;;;
81;Arobid hoạt động trong lĩnh vực nào?;"Arobid là hệ sinh thái thương mại điện tử B2B toàn cầu có nguồn gốc từ Việt Nam, được xây dựng để kết nối doanh nghiệp trên toàn thế giới thông qua các giải pháp số toàn diện về thương mại, tài chính và đổi mới sáng tạo.
 Chúng tôi hướng đến sứ mệnh nâng tầm doanh nghiệp Việt và khu vực lên chuỗi giá trị toàn cầu, thúc đẩy giao thương bền vững và tạo nên một cộng đồng doanh nghiệp thông minh, xanh và kết nối toàn cầu.";;Yes;Yes;;;;;
82;Mô hình kinh doanh của Arobid là gì?;"Arobid là hệ sinh thái TMĐT B2B đột phá, kết nối doanh nghiệp toàn cầu qua 3 nền tảng chính: Marketplace (giao thương), TradeXpo (triển lãm số), và Goods for Good (thương mại bền vững/CSR) và hệ sinh thái Đối tác liên minh đa ngành từ tài chính, bảo hiểm đến ESG và báo cáo doanh nghiệp. Chúng tôi tạo ra Hệ sinh thái ""One stop for all business needs"", là nơi kết nối B2B kinh doanh và thương mại toàn cầu.";;No;Yes;;;;;
83;Hệ sinh thái Arobid gồm những gì?;"Arobid là hệ sinh thái TMĐT B2B đột phá, kết nối doanh nghiệp toàn cầu qua 3 nền tảng chính: Marketplace (giao thương), TradeXpo (triển lãm số), và Goods for Good (thương mại bền vững/CSR) và hệ sinh thái Đối tác liên minh đa ngành từ tài chính, bảo hiểm đến ESG và báo cáo doanh nghiệp. Chúng tôi tạo ra Hệ sinh thái ""One stop for all business needs"", là nơi kết nối B2B kinh doanh và thương mại toàn cầu.";;Yes;Yes;;;;;
84;3 dịch vụ chính của Arobid là gì?;"1. Arobid B2B Marketplace (Sàn giao dịch B2B)
- Chức năng: Đây là sàn giao dịch thương mại điện tử dành riêng cho doanh nghiệp (B2B).
- Bạn làm gì ở đây: Doanh nghiệp có thể kết nối, đàm phán, và thực hiện các giao dịch mua bán sản phẩm, dịch vụ với các đối tác trong nước và trên toàn thế giới. Đây là nơi giúp bạn tối ưu hóa chuỗi cung ứng và mở rộng kinh doanh.
2. Arobid TradeXpo (Xúc tiến Thương mại)
- Chức năng: Đây là nền tảng triển lãm thương mại trực tuyến, hoạt động liên tục 365 ngày.
- Bạn làm gì ở đây: Doanh nghiệp có thể xây dựng gian hàng số, tham gia các sự kiện triển lãm theo ngành, quảng bá thương hiệu và sản phẩm của mình đến một lượng lớn khách hàng toàn cầu mà không bị giới hạn về không gian và thời gian.
3. Arobid Goods for Good (Nền tảng Trách nhiệm Xã hội)
- Chức năng: Đây là nền tảng dành riêng cho các hoạt động Trách nhiệm Xã hội của Doanh nghiệp (CSR) và Phát triển Bền vững (ESG).
- Bạn làm gì ở đây: Doanh nghiệp có thể tham gia hoặc tự tạo các chiến dịch cộng đồng, ghi nhận các đóng góp, và lan tỏa giá trị nhân văn của thương hiệu. Đây là công cụ giúp bạn xây dựng hình ảnh một doanh nghiệp có trách nhiệm và phát triển bền vững.";;Yes;Yes;;;;;
91;TradeXpo hoạt động liên tục không?;TradeXpo tổ chức các triển lãm trực tuyến thuần online và hybrid (offline to online) cho các nhóm ngành nghề khác nhau và các tổ chức trong nước và quốc tế theo lịch trình sự kiện, doanh nghiệp có thể truy cập Danh sách sự kiện tại đây: https://tradexpo.arobid.com/en/list-event;;No;Yes;;;;;
100;Lợi ích của Buyer khi dùng Arobid?;"- Nguồn hàng đa dạng & đã xác thực: Tiếp cận hàng triệu sản phẩm từ các nhà cung cấp uy tín đã được xác minh, giảm thiểu rủi ro trong giao dịch.
- Tiết kiệm thời gian và chi phí: Dễ dàng tìm kiếm, so sánh và đàm phán với nhiều nhà cung cấp trên toàn cầu mà không cần di chuyển.
- Công cụ tìm kiếm thông minh: Nhanh chóng tìm thấy sản phẩm và nhà cung cấp phù hợp nhất với nhu cầu thông qua các bộ lọc chi tiết.
- An toàn và minh bạch: Giao dịch trên một nền tảng được thiết kế chuyên biệt cho B2B với các quy trình rõ ràng.";;No;Yes;;;;;
85;Arobid có những nền tảng nào?;"1. Arobid B2B Marketplace (Sàn giao dịch B2B)
- Chức năng: Đây là sàn giao dịch thương mại điện tử dành riêng cho doanh nghiệp (B2B).
- Bạn làm gì ở đây: Doanh nghiệp có thể kết nối, đàm phán, và thực hiện các giao dịch mua bán sản phẩm, dịch vụ với các đối tác trong nước và trên toàn thế giới. Đây là nơi giúp bạn tối ưu hóa chuỗi cung ứng và mở rộng kinh doanh.
2. Arobid TradeXpo (Xúc tiến Thương mại)
- Chức năng: Đây là nền tảng triển lãm thương mại trực tuyến, hoạt động liên tục 365 ngày.
- Bạn làm gì ở đây: Doanh nghiệp có thể xây dựng gian hàng số, tham gia các sự kiện triển lãm theo ngành, quảng bá thương hiệu và sản phẩm của mình đến một lượng lớn khách hàng toàn cầu mà không bị giới hạn về không gian và thời gian.
3. Arobid Goods for Good (Nền tảng Trách nhiệm Xã hội)
- Chức năng: Đây là nền tảng dành riêng cho các hoạt động Trách nhiệm Xã hội của Doanh nghiệp (CSR) và Phát triển Bền vững (ESG).
- Bạn làm gì ở đây: Doanh nghiệp có thể tham gia hoặc tự tạo các chiến dịch cộng đồng, ghi nhận các đóng góp, và lan tỏa giá trị nhân văn của thương hiệu. Đây là công cụ giúp bạn xây dựng hình ảnh một doanh nghiệp có trách nhiệm và phát triển bền vững.";;Yes;Yes;;;;;
93;Làm sao để thực hiện CSR/ESG trên Arobid?;"Với nền tảng Goods for Good, Arobid tiên phong giúp doanh nghiệp:
- Đóng góp hàng hóa hoặc dịch vụ thay vì tiền mặt, để hỗ trợ các tổ chức xã hội, cộng đồng và dự án phát triển bền vững.
- Khởi tạo hoặc tham gia các chiến dịch CSR/ESG, đồng hành cùng các đối tác lớn và mạng lưới toàn cầu của Arobid.
- Được ghi nhận, xếp hạng và vinh danh thông qua điểm cống hiến (Contribution Score) – một chỉ số phản ánh giá trị xã hội và uy tín doanh nghiệp trong hệ sinh thái B2B.
- Minh bạch hóa các hoạt động đóng góp, giúp doanh nghiệp gia tăng niềm tin và nâng cao thương hiệu trong mắt đối tác quốc tế.
Arobid tin rằng sức mạnh của doanh nghiệp không chỉ nằm ở quy mô kinh doanh, mà còn ở tầm ảnh hưởng tích cực mà họ tạo ra cho cộng đồng và thế giới.
 Chúng tôi kiến tạo một nền kinh tế B2B nhân văn, nơi mỗi giao dịch đều có thể trở thành một hành động tốt đẹp.";;No;Yes;;;;;
109;Mission của công ty?;"• Vì sự phát triển bền vững của cộng đồng doanh nghiệp
• Vì sự hạnh phúc của người dân
• Vì sự thịnh vượng của quốc gia";;No;Yes;;;;;
86;Arobid chia thành mấy phần?;"3 phần chính của Arobid là:
1. Arobid B2B Marketplace (Sàn giao dịch B2B)
- Chức năng: Đây là sàn giao dịch thương mại điện tử dành riêng cho doanh nghiệp (B2B).
- Bạn làm gì ở đây: Doanh nghiệp có thể kết nối, đàm phán, và thực hiện các giao dịch mua bán sản phẩm, dịch vụ với các đối tác trong nước và trên toàn thế giới. Đây là nơi giúp bạn tối ưu hóa chuỗi cung ứng và mở rộng kinh doanh.
2. Arobid TradeXpo (Xúc tiến Thương mại)
- Chức năng: Đây là nền tảng triển lãm thương mại trực tuyến, hoạt động liên tục 365 ngày.
- Bạn làm gì ở đây: Doanh nghiệp có thể xây dựng gian hàng số, tham gia các sự kiện triển lãm theo ngành, quảng bá thương hiệu và sản phẩm của mình đến một lượng lớn khách hàng toàn cầu mà không bị giới hạn về không gian và thời gian.
3. Arobid Goods for Good (Nền tảng Trách nhiệm Xã hội)
- Chức năng: Đây là nền tảng dành riêng cho các hoạt động Trách nhiệm Xã hội của Doanh nghiệp (CSR) và Phát triển Bền vững (ESG).
- Bạn làm gì ở đây: Doanh nghiệp có thể tham gia hoặc tự tạo các chiến dịch cộng đồng, ghi nhận các đóng góp, và lan tỏa giá trị nhân văn của thương hiệu. Đây là công cụ giúp bạn xây dựng hình ảnh một doanh nghiệp có trách nhiệm và phát triển bền vững.";;Yes;Yes;;;;;
87;Chức năng chính của Marketplace?;"Nền Tảng B2B Marketplace của Arobid mang đến không gian giao dịch trực tuyến hiện đại, giúp doanh nghiệp dễ dàng kết nối, đàm phán và hợp tác với đối tác trong nước & quốc tế.

Với hàng triệu sản phẩm và dịch vụ đa dạng, cùng các công cụ thông minh và giải pháp toàn diện, Arobid tối ưu hóa hiệu quả kinh doanh, cắt giảm chi phí và thúc đẩy tăng trưởng bền vững.

Không chỉ là một sàn thương mại, Arobid còn là cầu nối chiến lược, giúp doanh nghiệp tiếp cận đối tác tài chính, logistics, marketing và nhiều lĩnh vực khác, tạo nền tảng vững chắc để vươn xa trên thị trường toàn cầu!

Truy cập https://arobid.com/ để biết thêm thông tin.
Liên hệ [Trung tâm Hỗ trợ Arobid](https://arobid.com/help/vi) hoặc chat trực tuyến để được hướng dẫn thêm.";;Yes;Yes;;;;;
88;Tôi có thể làm gì trên Arobid Marketplace?;"Trên Arobid Marketplace, bạn có thể:
- Kết nối, đàm phán và hợp tác: Dễ dàng tìm kiếm và làm việc với các đối tác kinh doanh đáng tin cậy ở cả thị trường trong nước và quốc tế.
- Tìm kiếm và giao dịch: Tiếp cận hàng triệu sản phẩm và dịch vụ đa dạng để tìm nguồn cung ứng hoặc mở rộng kênh phân phối cho sản phẩm của mình.
- Tiếp cận Mạng lưới Đối tác Chiến lược: Không chỉ mua bán, bạn còn có thể kết nối với các đối tác trong nhiều lĩnh vực quan trọng khác như tài chính, logistics, và marketing để hỗ trợ hoạt động kinh doanh.
- Sử dụng các công cụ thông minh: Tận dụng các giải pháp toàn diện của nền tảng để tối ưu hóa hiệu quả kinh doanh, giúp cắt giảm chi phí và thúc đẩy tăng trưởng.
Nói một cách đơn giản, Arobid Marketplace là không gian để bạn tìm kiếm đối tác, mua bán sản phẩm, và xây dựng một hệ sinh thái hỗ trợ vững chắc, giúp doanh nghiệp của bạn phát triển bền vững và vươn ra thị trường toàn cầu.";;Yes;Yes;;;;;
89;Arobid Marketplace có ứng dụng công nghệ gì?;Là nền tảng giao dịch B2B trực tuyến, sử dụng AI & Dữ liệu lớn để giúp doanh nghiệp tối ưu chuỗi cung ứng, tìm kiếm đối tác, đàm phán và quản lý hợp đồng.;;No;Yes;;;;;
92;Lợi thế của TradeXpo là gì?;"TradeXpo mang lại nhiều lợi thế vượt trội so với các triển lãm thương mại truyền thống, đặc biệt nhờ vào việc tận dụng sức mạnh của công nghệ và nền tảng trực tuyến.

Dưới đây là những lợi thế chính của TradeXpo:
1. Hoạt động liên tục 24/7/365:
Đây là lợi thế lớn nhất. Thay vì chỉ diễn ra trong vài ngày ngắn ngủi, TradeXpo luôn ""mở cửa"". Doanh nghiệp của bạn có thể trưng bày sản phẩm và tiếp cận đối tác tiềm năng bất cứ lúc nào, không bỏ lỡ bất kỳ cơ hội giao thương nào dù ở bất kỳ múi giờ nào.
2. Tiết kiệm chi phí tối đa:
Bạn sẽ cắt giảm được phần lớn các chi phí đắt đỏ liên quan đến triển lãm truyền thống như:
- Chi phí thuê mặt bằng, thiết kế và thi công gian hàng.
- Chi phí di chuyển, ăn ở cho nhân sự.
- Chi phí vận chuyển hàng hóa, tài liệu trưng bày.
3. Vượt qua rào cản địa lý & mở rộng quy mô toàn cầu:
Không còn giới hạn về khoảng cách, khách tham quan và đối tác từ khắp nơi trên thế giới đều có thể dễ dàng tham gia chỉ với một thiết bị có kết nối internet. Điều này giúp bạn tiếp cận một thị trường rộng lớn và đa dạng hơn rất nhiều.
4. Tiết kiệm thời gian và tăng hiệu suất:
Thay vì phải dành ra nhiều ngày để tham dự, bạn và đối tác có thể tham quan, tìm hiểu và kết nối một cách nhanh chóng ngay trên nền tảng. Các công cụ tìm kiếm và bộ lọc thông minh giúp bạn tiếp cận đúng đối tượng mục tiêu một cách hiệu quả.
5. Thu thập và phân tích dữ liệu thông minh:
Nền tảng trực tuyến cho phép bạn thu thập các dữ liệu quan trọng như: ai đã ghé thăm gian hàng của bạn, họ quan tâm đến sản phẩm nào, thời gian họ ở lại... Dữ liệu này cực kỳ giá trị để bạn đánh giá mức độ quan tâm của khách hàng và có chiến lược chăm sóc, theo dõi phù hợp.
6. Bền vững và thân thiện với môi trường:
Việc tổ chức triển lãm trực tuyến giúp giảm thiểu đáng kể lượng khí thải carbon từ việc đi lại và rác thải từ việc thi công gian hàng, phù hợp với xu hướng kinh doanh bền vững hiện nay.

Tóm lại, TradeXpo không chỉ là một giải pháp thay thế, mà là một phương thức giao thương thông minh hơn, hiệu quả hơn và tiết kiệm hơn, giúp doanh nghiệp dễ dàng hội nhập và phát triển trên thị trường toàn cầu.";;Yes;Yes;;;;;
105;Phạm vi hoạt động của Arobid?;Arobid là nền tảng B2B toàn cầu, thu hút doanh nghiệp đa dạng từ Việt Nam, Đông Nam Á, châu Âu, Mỹ, Trung Đông và các khu vực khác để hỗ trợ giao thương xuyên biên giới.;;No;Yes;;;;;
106;Arobid phục vụ thị trường nào?;Arobid là nền tảng B2B toàn cầu, thu hút doanh nghiệp đa dạng từ Việt Nam, Đông Nam Á, châu Âu, Mỹ, Trung Đông và các khu vực khác để hỗ trợ giao thương xuyên biên giới.;;No;Yes;;;;;
107;Sứ mệnh của Arobid là gì?;"• Vì sự phát triển bền vững của cộng đồng doanh nghiệp
• Vì sự hạnh phúc của người dân
• Vì sự thịnh vượng của quốc gia";;No;Yes;;;;;
94;Goods for Good giúp doanh nghiệp xây dựng thương hiệu nhân văn như thế nào?;"Goods for Good không chỉ là một công cụ, mà là một chiến lược giúp doanh nghiệp xây dựng thương hiệu nhân văn một cách thực chất thông qua:
- Hành động cụ thể: Thay vì chỉ nói, Goods for Good cung cấp nền tảng để doanh nghiệp hành động và những hành động đó được ghi nhận rõ ràng.
- Tăng cường sự tin cậy: Điểm cống hiến (Contribution Score) được hiển thị minh bạch giúp thương hiệu của bạn trở nên đáng tin cậy và có chiều sâu trong mắt đối tác, nhà đầu tư và người tiêu dùng.
- Tạo câu chuyện thương hiệu ý nghĩa: Mỗi đóng góp, mỗi chiến dịch đều là một câu chuyện truyền cảm hứng mà bạn có thể sử dụng trong các hoạt động marketing, giúp kết nối cảm xúc với khách hàng.
- Thu hút nhân tài và đối tác: Một thương hiệu có trách nhiệm xã hội cao sẽ dễ dàng thu hút được nhân tài và các đối tác lớn có cùng giá trị cốt lõi.";;No;Yes;;;;;
95;Nền tảng bền vững của Arobid?;Nền tảng bền vững của Arobid chính là Goods for Good. Đây là một trong ba trụ cột cốt lõi của hệ sinh thái Arobid, được tạo ra với sứ mệnh giúp các doanh nghiệp không chỉ tăng trưởng về kinh tế mà còn kiến tạo những giá trị tích cực cho xã hội và môi trường. Goods for Good là nơi các doanh nghiệp thực thi và lan tỏa cam kết phát triển bền vững của mình.;;No;Yes;;;;;
96;Arobid khác Alibaba/Amazon/Shopee thế nào?;"Arobid khác biệt một cách cơ bản so với các nền tảng bạn đã nêu:
- So với Amazon/Shopee: Đây là các sàn thương mại điện tử B2C (Business-to-Consumer), phục vụ giao dịch giữa doanh nghiệp và người tiêu dùng cá nhân. Trong khi đó, Arobid là nền tảng B2B (Business-to-Business), tập trung hoàn toàn vào giao dịch, kết nối và hợp tác giữa các doanh nghiệp với nhau.
- So với Alibaba: Mặc dù Alibaba cũng là một nền tảng B2B lớn, Arobid khác biệt ở mô hình Hệ sinh thái Toàn diện. Alibaba tập trung mạnh vào việc là một sàn giao dịch (Marketplace), còn Arobid xây dựng một hệ sinh thái tích hợp chặt chẽ 3 trụ cột: Marketplace (Giao dịch), TradeXpo (Xúc tiến thương mại) và Goods for Good (Phát triển bền vững)
Thêm vào đó, Arobid:
- Không thu phí giao dịch, không can thiệp vào thanh toán giữa Nhà Mua - Nhà Bán.
- Ứng dụng trí tuệ nhân tạo A.I và dữ liệu lớn giúp Buyer và Seller kết nối hiệu quả hơn.";;No;Yes;;;;;
97;Điểm khác biệt cốt lõi của Arobid?;"Điểm khác biệt cốt lõi của Arobid là mô hình Hệ sinh thái B2B 3 trụ cột tích hợp.
Thay vì chỉ cung cấp một nơi để mua bán, Arobid mang đến một giải pháp toàn diện giúp doanh nghiệp phát triển bền vững trên thị trường toàn cầu. Doanh nghiệp trên Arobid không chỉ tìm thấy đối tác kinh doanh (trên Marketplace), mà còn có thể tham gia các triển lãm trực tuyến để quảng bá thương hiệu (trên TradeXpo), và xây dựng hình ảnh một doanh nghiệp có trách nhiệm (trên Goods for Good). Tất cả được kết nối liền mạch trên cùng một nền tảng.";;No;Yes;;;;;
98;Arobid có thu phí giao dịch không?;Arobid KHÔNG thu phí giao dịch và không can thiệp vào thanh toán giữa Nhà Mua - Nhà Bán. ;;No;Yes;;;;;
99;Arobid có tính năng xúc tiến thương mại không?;"Chắc chắn rồi. Xúc tiến thương mại là một trong những tính năng cốt lõi và là một lợi thế cạnh tranh lớn của Arobid, được thể hiện qua nền tảng TradeXpo.
TradeXpo là nền tảng TỔ CHỨC cho hàng trăm triển lãm thương mại trực tuyến hoạt động 365 ngày, cho các ngành nghề khác nhau, cho phép doanh nghiệp trưng bày sản phẩm, tham gia các sự kiện ngành, và kết nối giao thương liên tục mà không bị giới hạn về thời gian và không gian.";;No;Yes;;;;;
101;Arobid giúp tôi tìm nguồn hàng toàn cầu như thế nào?;"Arobid giúp bạn tìm nguồn hàng toàn cầu thông qua các công cụ và tính năng mạnh mẽ:
- Bộ lọc tìm kiếm nâng cao: Tìm kiếm sản phẩm theo ngành hàng, quốc gia, chứng chỉ chất lượng, năng lực sản xuất và nhiều tiêu chí khác.
- Gian hàng số: ""Tham quan"" gian hàng, xem xét sản phẩm và năng lực của nhà cung cấp một cách trực quan.
- Triển lãm trực tuyến (TradeXpo): Tham gia các sự kiện triển lãm theo ngành để khám phá các nhà cung cấp hàng đầu và sản phẩm mới nhất.
- Giao thương trực tuyến (Business Matching): Hệ thống sẽ gợi ý các đối tác phù hợp và bạn có thể đặt lịch hẹn trực tuyến để trao đổi trực tiếp.";;No;Yes;;;;;
102;Lợi ích của Seller khi tham gia Arobid?;"- Tiếp cận thị trường toàn cầu: Đưa sản phẩm của bạn đến với hàng triệu người mua tiềm năng từ khắp nơi trên thế giới.
- Xây dựng thương hiệu và uy tín: Tạo một hồ sơ doanh nghiệp chuyên nghiệp, trưng bày các chứng chỉ, và thể hiện trách nhiệm xã hội qua Goods for Good để tăng độ tin cậy.
- Tối ưu chi phí marketing & bán hàng: Giảm chi phí tìm kiếm khách hàng, tham gia triển lãm và đi lại.
- Hỗ trợ toàn diện: Tận dụng hệ sinh thái của Arobid để kết nối với các đối tác logistics, tài chính, giúp quá trình xuất khẩu trở nên dễ dàng hơn.";;No;Yes;;;;;
103;Arobid hỗ trợ xuất khẩu như thế nào?;"Arobid hỗ trợ xuất khẩu một cách toàn diện thông qua hệ sinh thái 3 trụ cột:
- Kết nối trực tiếp (Marketplace): Cung cấp nền tảng để doanh nghiệp giới thiệu sản phẩm và tìm kiếm, đàm phán trực tiếp với người mua quốc tế.
- Xúc tiến thương mại (TradeXpo): Giúp doanh nghiệp quảng bá thương hiệu và sản phẩm trên quy mô lớn thông qua các triển lãm trực tuyến toàn cầu.
- Hỗ trợ dịch vụ liên quan: Kết nối doanh nghiệp với mạng lưới đối tác tin cậy trong các lĩnh vực thiết yếu cho xuất khẩu như logistics, thủ tục hải quan, thanh toán quốc tế và tài chính.";;No;Yes;;;;;
110;Tầm nhìn của Arobid là gì?;"Vision: ""To drive a future where businesses connect seamlessly through technology, thrive sustainably, and create lasting value for people, environment and society.""
""Kiến tạo một tương lai nơi các doanh nghiệp kết nối liền mạch nhờ công nghệ, thịnh vượng bền vững và tạo ra giá trị lâu dài cho con người, môi trường và xã hội.""

Truy cập https://arobid.com/ để biết thêm thông tin.
Liên hệ [Trung tâm Hỗ trợ Arobid](https://arobid.com/help/vi) hoặc chat trực tuyến để được hướng dẫn thêm.";;No;Yes;;;;;
111;Mục đích dài hạn của Arobid?;"Tầm nhìn của Arobid là ""Kiến tạo một tương lai nơi các doanh nghiệp kết nối liền mạch nhờ công nghệ, thịnh vượng bền vững và tạo ra giá trị lâu dài cho con người, môi trường và xã hội.""";;No;Yes;;;;;
112;Vision của công ty?;"Tầm nhìn là ""Kiến tạo một tương lai nơi các doanh nghiệp kết nối liền mạch nhờ công nghệ, thịnh vượng bền vững và tạo ra giá trị lâu dài cho con người, môi trường và xã hội.""";;No;Yes;;;;;
113;Làm sao để liên hệ Arobid?;"Bạn có thể liên hệ với chúng tôi qua nhiều kênh chính thức để đảm bảo bạn nhận được sự hỗ trợ nhanh chóng và chính xác nhất:
- Live Chat: Để được hỗ trợ trực tiếp và nhanh chóng, bạn có thể sử dụng tính năng chat trực tuyến ngay trên website chính thức của Arobid.
- Email: Gửi yêu cầu của bạn đến địa chỉ email hỗ trợ chính thức: support@arobid.com
- Hotline: Gọi đến số điện thoại hỗ trợ khách hàng của chúng tôi: 1900989815";;No;Yes;;;;;
114;Tôi cần hỗ trợ kỹ thuật thì liên hệ ở đâu?;Xin vui lòng liên hệ hotline 1900989815 hoặc bạn có thể để lại thông tin để bộ phận chăm sóc khách hàng của Arobid liên hệ ngay. ;;No;Yes;;;;;
115;Website chính thức của Arobid là gì?;"Website chính thức và duy nhất của Arobid là:
https://arobid.com/
Đây là cổng thông tin trung tâm, nơi bạn có thể truy cập vào toàn bộ hệ sinh thái của Arobid, bao gồm Marketplace, TradeXpo và Goods for Good.";;No;Yes;;;;;
116;Xem thêm thông tin ở đâu?;"Bạn có thể tìm hiểu thêm thông tin chi tiết và cập nhật về Arobid tại các nguồn sau:
- Để hiểu tổng quan về hệ sinh thái và dịch vụ: Truy cập website https://arobid.com/.
- Để cập nhật tin tức, sự kiện và thông báo mới nhất: Theo dõi mục ""Tin tức"" hoặc ""Blog"" trên website và kênh mạng xã hội chính thức của chúng tôi https://www.facebook.com/ArobidGlobal";;No;Yes;;;;;
11;Tôi có thể tìm thấy những loại sản phẩm/dịch vụ nào trên Arobid?;"Tất Cả Những Gì Bạn Cần, Chỉ Trong Một Nền Tảng!
Arobid là nơi bạn có thể tìm thấy hàng triệu sản phẩm và dịch vụ thuộc 700+ ngành và nhóm ngành. Dù bạn đang tìm nguồn hàng để kinh doanh hay đặt sản xuất theo yêu cầu, Arobid đều có thể đáp ứng!

🔹 Sản phẩm công nghiệp & thiết bị máy móc – Máy móc sản xuất, thiết bị xây dựng, linh kiện cơ khí, điện tử...
🔹 Thời trang & phụ kiện – Quần áo, giày dép, túi xách, trang sức, đồng hồ…
🔹 Điện tử & công nghệ – Điện thoại, máy tính, thiết bị gia dụng, linh kiện điện tử…
🔹 Gia dụng & nội thất – Đồ nội thất, trang trí nhà cửa, thiết bị nhà bếp…
🔹 Thực phẩm & đồ uống – Nguyên liệu thô, thực phẩm chế biến sẵn, đồ uống, đặc sản các nước…
🔹 Làm đẹp & chăm sóc sức khỏe – Mỹ phẩm, thiết bị spa, thực phẩm chức năng…
🔹 Bao bì & in ấn – Hộp giấy, túi đựng, nhãn mác, bao bì tùy chỉnh…
🔹 Nông sản & nguyên liệu thô – Hạt, gia vị, cà phê, cao su, gỗ, vải vóc…
🔹 Dịch vụ B2B dành cho doanh nghiệp: tài chính, quỹ đầu tư, bảo hiểm, logistics, tư vấn, chứng chỉ quốc tế, nhân sự, ...

Ngoài ra, Arobid còn có nhiều ngành hàng khác cho bạn tìm kiếm và trải nghiệm. Hơn thế nữa, Arobid còn có nhiều Nhà cung cấp dịch vụ liên minh, đáp ứng mọi nhu cầu của bạn chỉ trong một trạm duy nhất, bao gồm : Tài chính, Logistics, Luật, Tư vấn,...";;No;Yes;;;;;"14;15;16;17"
12;Đối tác của Arobid là ai?;"Arobid tự hào hợp tác với mạng lưới đối tác chiến lược đa tầng, bao gồm:
- Bộ, ban ngành, cơ quan chính phủ và đại sứ quán - đồng hành trong định hướng chiến lược, chính sách xúc tiến thương mại và hội nhập quốc tế.
- Trung tâm hỗ trợ xúc tiến thương mại và đầu tư, hiệp hội và liên minh doanh nghiệp - kết nối cộng đồng doanh nghiệp Việt Nam với mạng lưới đối tác toàn cầu, triển lãm, hội chợ và chương trình xúc tiến quốc tế.
- Các đối tác uy tín thuộc 15 nhóm liên minh Arobid - gồm tài chính, logistics, công nghệ, marketing, đào tạo, pháp lý, truyền thông, và các ngành dịch vụ hỗ trợ khác, nhằm cung cấp các gói dịch vụ đặc quyền và ưu đãi chuyên biệt cho cộng đồng doanh nghiệp thành viên.

Với hệ sinh thái đối tác toàn diện, Arobid không chỉ là nền tảng giao thương số mà còn là cầu nối tin cậy giữa doanh nghiệp và các cơ quan hỗ trợ cấp cao, góp phần thúc đẩy đổi mới sáng tạo, mở rộng thị trường và nâng tầm thương hiệu Việt.";;No;Yes;;;;;"19;20;21;22"
42;Arobid có thu phí giao dịch thành công không?;"Arobid không thu phí giao dịch bạn nhé!
Arobid không chỉ là một nền tảng giao thương, mà còn là cầu nối giúp doanh nghiệp tiến xa hơn, vươn ra thế giới một cách bền vững và hiệu quả và hoàn toàn miễn phí giao thương.
Arobid - A Road To Big Deals";;No;Yes;;;;;"43;44;45;46"
43;Tôi phải làm gì để tham gia vào Arobid?;"Hãy đăng ký thông tin trong mục ""Đăng ký"" hoặc để lại số điện thoại của bạn tại đây, nhân viên của chúng tôi sẽ liên hệ để tư vấn giải pháp phù hợp với bạn.";;No;Yes;;;;;"44;45;46;26"
60;Arobid hoạt động tại thị trường nào?;"Arobid kết nối doanh nghiệp tại Việt Nam, Mỹ, Châu Âu, Trung Đông, Hàn Quốc, Trung Quốc, Nhật Bản, Thái Lan và nhiều thị trường khác.
Arobid hỗ trợ giao thương đa ngôn ngữ, đa tiền tệ, giúp doanh nghiệp Việt giao thương trong nước và quốc tế dễ dàng.";;No;Yes;;;;;
69;Danh sách các triển lãm số Arobid sẽ tổ chức trong thời gian tới?;Bạn hãy truy cập tradexpo.arobid.com để khám phá về các triển lãm của Arobid nhé!;;No;Yes;;;;;70
70;Có mất phí khi tham gia triển lãm số trên Arobid TradeXpo không?;"Mỗi gói triển lãm sẽ có mức phí khác nhau. Và Arobid cũng có những ưu đãi dành cho các Khách hàng đăng ký tham gia sớm.
Hãy để lại số điện thoại của bạn tại đây, nhân viên của chúng tôi sẽ liên hệ để tư vấn về gói triển lãm phù hợp với bạn.";;No;Yes;;;;;69
181;Arobid có giao hàng không?;"Arobid không trực tiếp thực hiện việc giao hàng. Tuy nhiên, Arobid hỗ trợ mạnh mẽ quá trình này bằng cách kết nối bạn với các đối tác logistics uy tín trong hệ sinh thái của mình.
- Tìm kiếm và lựa chọn đối tác Logistics: Bạn có thể dễ dàng tìm kiếm, kết nối và lựa chọn các đối tác logistics tin cậy đã được xác thực trên nền tảng, bao gồm các đơn vị chuyên về vận chuyển nội địa, vận chuyển quốc tế, dịch vụ hải quan, kho bãi...
- Nhận báo giá và so sánh chi phí: Bạn có thể gửi yêu cầu và nhận báo giá từ nhiều nhà cung cấp dịch vụ vận chuyển khác nhau để có được lựa chọn tối ưu nhất về chi phí và chất lượng.";;No;Yes;;;;;
54; Arobid có thu phí không?;"🔹 Nhà Mua: Hoàn toàn miễn phí.
🔹 Nhà Bán: Tham gia nền tảng B2B của Arobid, sẽ có mức phí theo từng hạng thành viên khác nhau. Cũng như có những chương trình ưu đãi miễn phí khác nhau. 
Vui lòng liên hệ hotline 1900989815 để biết về chương trình ưu đãi hiện tại của Arobid hoặc để lại thông tin của bạn ở đây nhé.";;No;Yes;;;;;42
14;Hướng dẫn tạo tài khoản.;"Bắt Đầu Hành Trình Kinh Doanh Chỉ Trong 3 Bước! 

🔹 Bước 1: Truy cập & Đăng ký
Truy cập www.Arobid.com và nhấn “Đăng ký” để bắt đầu.

🔹 Bước 2: Điền thông tin
Chọn loại tài khoản (Cá nhân/Doanh nghiệp), nhập email, mật khẩu, tên, số điện thoại và quốc gia.

🔹 Bước 3: Xác minh & Kích hoạt
Nhập mã OTP được gửi qua email để hoàn tất đăng ký.

Hoàn thiện hồ sơ để tối ưu tài khoản và bắt đầu khám phá cơ hội kinh doanh không giới hạn trên Arobid! 

Truy cập https://arobid.com/ để biết thêm thông tin.
Liên hệ [Trung tâm Hỗ trợ Arobid](https://arobid.com/help/vi) hoặc chat trực tuyến để được hướng dẫn thêm.";;No;Yes;;;;;"15;16;17;18"
15;Cần làm gì khi không nhận được Mã OTP?;"Không Nhận Được Mã OTP? Đừng Lo, Hãy Thử Ngay Các Bước Sau! 
Để đảm bảo giao dịch an toàn, Arobid luôn yêu cầu xác minh OTP. Nếu chưa nhận được mã, hãy làm theo các bước sau:

🔹 1. Kiểm tra thông tin đăng ký
Đảm bảo nhập đúng địa chỉ email và tài khoản không bị khóa.

 🔹 2. Kiểm tra thiết bị nhận OTP 
Đảm bảo kết nối mạng ổn định.
Kiểm tra lại thư mục spam/rác nếu dùng email.

🔹 3. Thử lại mã OTP 
Nhấn “Gửi lại mã” và đợi vài phút trước khi thử tiếp.

🔹 4. Liên hệ hỗ trợ Arobid 💬
Gọi hotline, gửi email hoặc chat trực tuyến để được hỗ trợ nhanh nhất.

Truy cập https://arobid.com/ để biết thêm thông tin.
Liên hệ [Trung tâm Hỗ trợ Arobid](https://arobid.com/help/vi) hoặc chat trực tuyến để được hướng dẫn thêm.";;No;Yes;;;;;"16;17;18;33"
16;Hướng dẫn thay đổi mật khẩu đăng nhập tài khoản Arobid.;"Đổi Mật Khẩu để Bảo vệ tài khoản của bạn chỉ trong 4 bước đơn giản:

Bước 1: Truy cập chế độ tài khoản cá nhân > ""Quản lý tài khoản"" >
Bước 2: Chọn ""Thay đổi mật khẩu"".
Bước 3: Xác minh qua mã OTP gửi đến email
Bước 4: Nhập mật khẩu mới và xác nhận lại.
Bước 5: Lưu thay đổi.

Tiêu Chí Tạo Mật Khẩu Mạnh
🔹 Từ 8-16 ký tự, bao gồm:
🔹 Chữ hoa, chữ thường, số & ký tự đặc biệt (@, #, $, ...).

Bảo Mật Sau Khi Đổi Mật Khẩu
🔸 Đăng xuất khỏi các thiết bị không sử dụng.
🔸 Không chia sẻ mật khẩu với bất kỳ ai.

Truy cập https://arobid.com/ để biết thêm thông tin.
Liên hệ [Trung tâm Hỗ trợ Arobid](https://arobid.com/help/vi) hoặc chat trực tuyến để được hướng dẫn thêm.";;No;Yes;;;;;"17;18;19;20"
19;Hướng dẫn gửi yêu cầu báo giá - RFQ chung.;"Hướng Dẫn Gửi RFQ Chung trên Arobid – Tìm Nhà Cung Cấp Dễ Dàng & Hiệu Quả! 

🔹 Gửi RFQ Chỉ Với 3 Bước Đơn Giản:
Bước 1: Truy cập ''Tạo nhanh RFQ'' hoặc ""Sàn giao dịch RFQ"" >""Tạo yêu cầu báo giá"" để bắt đầu khởi tạo yêu cầu.
Bước 2: Điền đầy đủ thông tin sản phẩm (Tên, số lượng, thông số kỹ thuật, yêu cầu cụ thể nếu có).
Bước 3: Gửi RFQ & nhận báo giá từ nhiều nhà cung cấp, dễ dàng so sánh & lựa chọn đối tác phù hợp nhất!

MẸO: Mô tả sản phẩm chi tiết giúp bạn nhận được báo giá chính xác hơn!

Truy cập https://arobid.com/ để biết thêm thông tin.
Liên hệ [Trung tâm Hỗ trợ Arobid](https://arobid.com/help/vi) hoặc chat trực tuyến để được hướng dẫn thêm.";;Yes;Yes;;;;;"20;21;22;23"
192;Traffic của Arobid là bao nhiêu?;Số liệu traffic được công bố công khai trên từng Triển Lãm trực tuyến và nền tảng. Các số liệu sẽ phụ thuộc ngành hàng, và thời gian kéo dài của triển lãm.;;No;Yes;;;;;
20;Hướng dẫn gửi yêu cầu báo giá - RFQ đích danh.;"Hướng Dẫn Gửi RFQ Đích Danh Trên Arobid – Kết Nối Nhà Cung Cấp Mong Muốn!

🔹 Gửi RFQ Đích Danh Chỉ Với 2 Bước:
Bước 1: Ở phần chi tiết sản phẩm: Lựa chọn biến thế và số lượng sản phẩm >Thêm lựa chọn> Xem chi tiết RFQ> Gửi RFQ 
Bước 2: Nhập đầy đủ thông tin chi tiết sản phẩm & yêu cầu liên quan khác để nhận phản hồi chính xác nhất.

MẸO: Hãy mô tả nhu cầu rõ ràng để nhà cung cấp phản hồi nhanh & đúng với mong đợi của bạn!

Truy cập https://arobid.com/ để biết thêm thông tin.
Liên hệ [Trung tâm Hỗ trợ Arobid](https://arobid.com/help/vi) hoặc chat trực tuyến để được hướng dẫn thêm.";;Yes;Yes;;;;;"21;22;23;24"
21;Cách tìm kiếm sản phẩm hoặc dịch vụ trên Arobid.;"Cách Tìm Kiếm Sản Phẩm Trên Arobid – Nhanh Chóng & Hiệu Quả!

🔹 2 Cách Tìm Kiếm Hiệu Quả:
1. Tìm kiếm bằng từ khóa – Nhập tên sản phẩm hoặc dịch vụ, loại hàng hóa hoặc thông số kỹ thuật vào thanh tìm kiếm để nhận kết quả nhanh nhất.
2. Truy cập danh mục sản phẩm – Khám phá các ngành hàng đa dạng qua tab ""Danh mục sản phẩm"", giúp bạn dễ dàng so sánh & lựa chọn.

Truy cập https://arobid.com/ để biết thêm thông tin.
Liên hệ [Trung tâm Hỗ trợ Arobid](https://arobid.com/help/vi) hoặc chat trực tuyến để được hướng dẫn thêm.";;No;Yes;;;;;"22;23;24;25"
22;Hướng dẫn so sánh sản phẩm.;"So Sánh Sản Phẩm Trên Arobid – Chọn Lựa Thông Minh & Hiệu Quả!

🔹 Cách So Sánh Sản Phẩm Trên Arobid:
1. Tìm kiếm sản phẩm – Nhập từ khóa sản phẩm vào thanh tìm kiếm để tìm các lựa chọn phù hợp.
2. Thêm vào danh sách so sánh – Nhấn ""So sánh"" trên trang chi tiết sản phẩm để đưa sản phẩm vào bảng đối chiếu.
3. Xem bảng so sánh – Nhấn ""Mở rộng"" để xem chi tiết về giá cả, đánh giá, thông số kỹ thuật và tính năng.
4. Phân tích & chọn lựa – Đối chiếu chất lượng, giá cả, uy tín nhà cung cấp để đưa ra quyết định mua hàng tốt nhất.

Truy cập https://arobid.com/ để biết thêm thông tin.
Liên hệ [Trung tâm Hỗ trợ Arobid](https://arobid.com/help/vi) hoặc chat trực tuyến để được hướng dẫn thêm.";;No;Yes;;;;;"26;24;24;23"
23;Tính năng thích sản phẩm trên Arobid/Các thêm sản phẩm vào danh sách yêu thích;"Thích Sản Phẩm"" Trên Arobid – Tối Ưu Trải Nghiệm Mua Sắm!

Cách Sử Dụng:
1. Lưu sản phẩm yêu thích
🔹 Tìm sản phẩm mong muốn.
🔹 Nhấn biểu tượng trái tim ❤️ hoặc nút ""Thích Sản Phẩm"" trên trang chi tiết sản phẩm.

2. Xem lại sản phẩm đã lưu
🔹 Truy cập chế độ tài khoản cá nhân > ""Quan tâm"" để xem danh sách sản phẩm yêu thích kèm thông tin chi tiết.

3. Quản lý danh sách yêu thích
🔹 So sánh nhiều sản phẩm cùng lúc.
🔹 Xóa sản phẩm không cần thiết để tối ưu lựa chọn.

🔔 Lưu ý: Lưu sản phẩm KHÔNG phải là đặt hàng. Hãy kiểm tra kỹ thông tin trước khi mua!

Truy cập https://arobid.com/ để biết thêm thông tin.
Liên hệ [Trung tâm Hỗ trợ Arobid](https://arobid.com/help/vi) hoặc chat trực tuyến để được hướng dẫn thêm.";;No;Yes;;;;;"27;26;25;28"
24;Tính năng thích Nhà cung cấp trên Arobid/Cách thêm Nhà cung cấp vào danh sách yêu thích.;"Thích Nhà Cung Cấp"" Trên Arobid – Kết Nối Kinh Doanh Hiệu Quả!

Hướng Dẫn Sử Dụng:
1. Lưu nhà cung cấp yêu thích
🔹 Tìm kiếm nhà cung cấp qua thanh tìm kiếm hoặc danh mục sản phẩm.
🔹 Nhấn biểu tượng trái tim ❤️ hoặc nút ""Thích Nhà Cung Cấp"" trên trang thông tin của họ.

2. Xem lại sản phẩm đã lưu
🔹 Truy cập chế độ tài khoản cá nhân > ""Quan tâm"" để xem danh sách sản phẩm yêu thích kèm thông tin chi tiết.

3. Quản lý hiệu quả
🔹 Xóa nhà cung cấp không còn phù hợp để tối ưu danh sách đối tác tiềm năng.

🔔 Lưu ý: ""Thích"" nhà cung cấp KHÔNG phải cam kết mua hàng. Hãy kiểm tra kỹ thông tin và đàm phán trước khi hợp tác!

Truy cập https://arobid.com/ để biết thêm thông tin.
Liên hệ [Trung tâm Hỗ trợ Arobid](https://arobid.com/help/vi) hoặc chat trực tuyến để được hướng dẫn thêm.";;No;Yes;;;;;"29;30;31;32"
25;Tại sao không thể Chat/Nhắn tin với Nhà cung cấp?;"Bạn đang gặp khó khăn khi liên hệ với nhà cung cấp trên Arobid? Dưới đây là một số nguyên nhân phổ biến và cách khắc phục hiệu quả:
1. Nhà Cung Cấp Bị Giới Hạn Liên Lạc
🔹 Lý do: Nhà cung cấp có thể bị tạm khóa 
 > Giải pháp:
🔹 Tìm nhà cung cấp khác có sản phẩm tương tự.
🔹 Kiểm tra trạng thái tài khoản của họ trên trang nhà cung cấp.
2. Lỗi Kỹ Thuật Hoặc Kết Nối Internet
🔹 Lý do: Sự cố hệ thống hoặc kết nối mạng không ổn định.
 > Giải pháp:
🔹 Kiểm tra kết nối Internet của bạn.
🔹 Đăng xuất và đăng nhập lại vào tài khoản Arobid.
🔹 Nếu lỗi vẫn tiếp diễn, liên hệ Trung tâm Hỗ Trợ Arobid để được xử lý nhanh chóng.

Truy cập https://arobid.com/ để biết thêm thông tin.
Liên hệ [Trung tâm Hỗ trợ Arobid](https://arobid.com/help/vi) hoặc chat trực tuyến để được hướng dẫn thêm.";;No;Yes;;;;;"33;34;35;36"
26;Hướng dẫn đặt hàng trên Arobid. ;"Hướng Dẫn Đặt Hàng Trên Arobid – Nhanh Chóng & An Toàn!

Bước 1: Tìm kiếm sản phẩm🔹 Lọc kết quả theo phân loại nhà cung cấp, xuất sứ, chứng nhận sản phẩm, nhóm sản phẩm, đơn hàng tối thiểu.  

Bước 2: Liên hệ nhà cung cấp & yêu cầu báo giá
🔹 Nhấn ''Gửi RFQ"" hoặt "" Chat ngay""'  để trao đổi về giá, MOQ, vận chuyển, và phương thức thanh toán và nhiều thông tin khác. 
🔹 Đừng quên hỏi về mẫu thử để kiểm tra chất lượng sản phẩm.

Bước 3: Chốt đơn hàng & xác nhận hợp đồng
🔹 Khi đã đàm phán thành công, nhà mua đồng ý đơn báo giá > Nhà cung cấp tạo Thoả thuận mua bán và Hợp đồng mua bán dựa trên thông tin 2 bên đã thông nhất
🔹 Kiểm tra chi tiết Thoả thuận mua bán và Hợp đồng mua bán: thông tin hàng hoá, điều kiện vận chuyển & các chính sách khác

Truy cập https://arobid.com/ để biết thêm thông tin.
Liên hệ [Trung tâm Hỗ trợ Arobid](https://arobid.com/help/vi) hoặc chat trực tuyến để được hướng dẫn thêm.";;No;Yes;;;;;"33;34;35;36"
28;Các phương thức vận chuyển trên Arobid.;Trên Arobid có các nhà cung cấp vận chuyển B2B trong nước và quốc tế, bạn hãy gửi RFQ chung để Arobid giới thiệu đến bạn các nhà vận chuyển và cung cấp dịch vụ hậu cần phù hợp, hoặc bạn có thể gửi trực tiếp RFQ đích danh cho các doanh nghiệp này về nhu cầu của bạn. Nhờ công nghệ của Arobid, bạn sẽ tối ưu hiệu quả và tối thiểu chi phí để tìm ra nhà cung cấp dịch vụ tốt nhất.;;No;Yes;;;;;"29;30;31;32"
29;Chính sách giao nhận.;"Khi mua hàng trên Arobid, chính sách giao nhận sẽ phụ thuộc vào chính sách được công bố bởi Nhà cung cấp, và vào sự thỏa thuận riêng giữa hai bên Nhà Mua - Nhà Bán.

⚠️ Arobid có chịu trách nhiệm giao nhận không?
Arobid chỉ là nền tảng trung gian, không trực tiếp sản xuất hay giao nhận sản phẩm. Chúng tôi không chịu trách nhiệm về phát sinh trong quá trình giao nhận sản phẩm nhưng luôn hỗ trợ tối đa giúp bạn giải quyết vấn đề nhanh chóng và công bằng.

📌 Cách kiểm tra chính sách giao nhận
🔹 Xem chi tiết chính sách giao nhận trên trang sản phẩm được nhà cung cấp công bố.
🔹 Liên hệ trực tiếp nhà cung cấp để xác nhận trước khi đặt hàng.
🔹 Phương tiện: Đường bộ, Đường thuỷ, Đường hàng không

Xem thêm tại: Chính sách giao nhận

Truy cập https://arobid.com/ để biết thêm thông tin.
Liên hệ [Trung tâm Hỗ trợ Arobid](https://arobid.com/help/vi) hoặc chat trực tuyến để được hướng dẫn thêm.";;No;Yes;;;;;"29;30;31;32"
36;Cách thêm/chỉnh sửa/xoá sản phẩm.;"Bạn cần thay đổi giá, cập nhật thông tin hay thêm hình ảnh mới?
Bước 1: Truy cập chế độ tài khoản Cửa hàng số >  Nhấn “Quản lý sản phẩm” >Tìm sản phẩm cần chỉnh sửa và Chọn “Chỉnh sửa sản phẩm” 
Bước 2: Điều chỉnh thông tin để tối ưu hóa hiển thị, bao gồm 4 phần 
🔹 Thông tin cơ bản
🔹 Chi tiết sản phẩm
🔹 Chính sách B2B
🔹 Đóng gói & giao hàng
Bước 3: Nhấn “Tiếp theo” & “Lưu” để hoàn tất cập nhật!
Bước 4: Sau khi sản phẩm đã chỉnh sửa được duyệt Nhà cung cấp có thể tiếp tục quảng bá sản phẩm của mình

🔥 Mẹo: Hãy đăng tải Hình ảnh đẹp + mô tả hấp dẫn sẽ giúp Tăng tỷ lệ chốt đơn!

Truy cập https://arobid.com/ để biết thêm thông tin.
Liên hệ [Trung tâm Hỗ trợ Arobid](https://arobid.com/help/vi) hoặc chat trực tuyến để được hướng dẫn thêm.";;No;Yes;;;;;"37;38;39;40"
30;Chính sách bảo hành.;"Khi mua hàng trên Arobid, chính sách bảo hành sẽ phụ thuộc vào chính sách được công bố bởi Nhà cung cấp, và vào sự thỏa thuận riêng giữa hai bên Nhà Mua - Nhà Bán.

⚠️ Arobid có chịu trách nhiệm bảo hành không?
🔹 Arobid là nền tảng TMĐT B2B là trung gian kết nối cho các nhà cung cấp và nhà mua toàn cầu, không trực tiếp sản xuất hay bảo hành sản phẩm. Chúng tôi không chịu trách nhiệm về lỗi sản phẩm nhưng luôn hỗ trợ tối đa giúp bạn giải quyết vấn đề nhanh chóng và công bằng.

📌 Cách kiểm tra chính sách bảo hành
🔹 Xem chi tiết chính sách bảo hành trên trang sản phẩm của nhà cung cấp.
🔹 Liên hệ trực tiếp nhà cung cấp để xác nhận trước khi đặt hàng.

🔄 Các Loại Bảo Hành Phổ Biến (tùy thuộc ngành hàng và nhà cung cấp)
🔹 Sửa chữa hoặc thay thế nếu sản phẩm lỗi kỹ thuật.
🔹 Đổi trả hoặc hoàn tiền nếu sản phẩm không đúng mô tả.
🔹 Thời gian bảo hành rõ ràng (6 tháng, 1 năm…).

Truy cập https://arobid.com/ để biết thêm thông tin.
Liên hệ [Trung tâm Hỗ trợ Arobid](https://arobid.com/help/vi) hoặc chat trực tuyến để được hướng dẫn thêm.";;No;Yes;;;;;"31;32;29;28"
31;Chính sách đổi trả.;"Khi mua hàng trên Arobid, chính sách đổi trả sẽ phụ thuộc vào chính sách được công bố bởi Nhà cung cấp, và vào sự thỏa thuận riêng giữa hai bên Nhà Mua - Nhà Bán.

⚠️ Arobid có chịu trách nhiệm bảo hành không?
Arobid là nền tảng TMĐT B2B là trung gian kết nối cho các nhà cung cấp và nhà mua toàn cầu, không trực tiếp sản xuất hay đổi trả sản phẩm. Chúng tôi không chịu trách nhiệm về lỗi sản phẩm nhưng luôn hỗ trợ tối đa giúp bạn giải quyết vấn đề nhanh chóng và công bằng.

📌 Cách kiểm tra chính sách đổi trả
🔹 Xem chi tiết chính sách bảo hành trên trang sản phẩm.
🔹 Liên hệ trực tiếp nhà cung cấp để xác nhận trước khi đặt hàng.

🔄 Các Loại đổi trả Phổ Biến
✅ Đổi trả Sản phẩm lỗi kỹ thuật.
✅ Đổi trả hoặc hoàn tiền nếu sản phẩm không đúng mô tả.
✅ Thời gian Đổi trả rõ ràng (6 tháng, 1 năm…).

🛠 Quy Trình Yêu Cầu Đổi trả
1️⃣ Liên hệ nhà cung cấp
2️⃣ Gửi bằng chứng lỗi (hình ảnh, video) để xác minh.
3️⃣ Thỏa thuận giải pháp: đổi mới hoặc đổi trả.

Truy cập https://arobid.com/ để biết thêm thông tin.
Liên hệ [Trung tâm Hỗ trợ Arobid](https://arobid.com/help/vi) hoặc chat trực tuyến để được hướng dẫn thêm.";;No;Yes;;;;;"32;30;29;33"
32;Quy định trả hàng - hoàn tiền.;"Khi mua hàng trên Arobid, quy định trả hàng - hoàn tiền sẽ phụ thuộc vào chính sách được công bố bởi Nhà cung cấp, và vào sự thỏa thuận riêng giữa hai bên Nhà Mua - Nhà Bán.

Arobid là hệ sinh thái nền tảng TMĐT B2B là trung gian kết nối cho các nhà cung cấp và nhà mua toàn cầu, không trực tiếp sản xuất hay đổi trả sản phẩm. Chúng tôi không chịu trách nhiệm về lỗi sản phẩm, đổi hàng hay hoàn tiền, nhưng luôn hỗ trợ tối đa giúp bạn giải quyết vấn đề nhanh chóng và công bằng.

📌 Cách kiểm tra chính sách
🔹 Xem chi tiết chính sách bảo hành trên trang sản phẩm được ông bố bởi nhà cung cấp hàng hóa.
🔹 Liên hệ trực tiếp nhà cung cấp để xác minh.

Truy cập https://arobid.com/ để biết thêm thông tin.
Liên hệ [Trung tâm Hỗ trợ Arobid](https://arobid.com/help/vi) hoặc chat trực tuyến để được hướng dẫn thêm.";;No;Yes;;;;;"31;30;29;33"
33;Hướng dẫn tạo gian hàng.;"Tạo ngay gian hàng chuyên nghiệp trên Arobid chỉ với 3 bước đơn giản:
Bước 1: Truy cập chế độ tài khoản Cửa hàng số >  Nhấn “Thiết lập gian hàng”.
Bước 2: Điền đầy đủ và chính xác thông tin
Bước 3: Nhấn “Lưu” để hoàn tất và chờ duyệt
Bước 4: Sau khi được duyệt > Gian hàng của bạn đã sẵn sàng hoạt động!

Mẹo: Cập nhật hình ảnh bắt mắt, mô tả hấp dẫn và chính sách ưu đãi để thu hút nhiều đơn hàng hơn!

Truy cập https://arobid.com/ để biết thêm thông tin.
Liên hệ [Trung tâm Hỗ trợ Arobid](https://arobid.com/help/vi) hoặc chat trực tuyến để được hướng dẫn thêm.";;No;Yes;;;;;"34;35;36;37"
191;Arobid có số liệu nào cho thấy nó đã ổn định trong việc tiếp cận nhiều doanh nghiệp không?;"Nền tảng mới, Arobid công bố chiến lược–liên minh và đang tổng hợp case/report chính thức; một số dữ liệu vận hành chi tiết chưa công khai.";;No;Yes;;;;;
195;Sau khi DN tạo gian hàng, Arobid có hoạt động gì hỗ trợ DN không?;Có: tư vấn chuẩn ESG/chứng từ, kết nối logistics–tài chính–bảo hiểm, kích hoạt RFQ/TradeXpo, hỗ trợ xử lý tranh chấp ở vai trò trung gian.;;No;Yes;;;;;
39;Hướng dẫn tạo Thỏa thuận mua bán.;"Cách Tạo Thỏa Thuận Mua Bán Mới:
Bước 1: Thoả thuận thành công
🔹Từ Báo giá đã được Nhà Mua xác nhận -> Nhà cung cấp chọn ""Tạo Thoả thuận Mua bán"" 

Bước 2: Toàn bộ thông tin trên Báo Giá được xác nhận đã tự động điền vào, nhà cung cấp chỉ cần bổ sung thêm những trường tin cần thiết khác (nếu có)

Bước 3: Xác nhận & Gửi thỏa thuận
🔹 Kiểm tra kỹ các thông tin, điều khoản và điều kiện.
🔹 Nhấn ""Gửi"" để khách hàng xem xét & xác nhận.

Truy cập https://arobid.com/ để biết thêm thông tin.
Liên hệ [Trung tâm Hỗ trợ Arobid](https://arobid.com/help/vi) hoặc chat trực tuyến để được hướng dẫn thêm.";;No;Yes;;;;;"40;43;44;45"
44;Arobid có đảm bảo được các doanh nghiệp tham gia trên Arobid đã được xác minh không?;"Arobid cam kết xây dựng một hệ sinh thái thương mại điện tử B2B minh bạch, an toàn và đáng tin cậy. Để đảm bảo điều này, chúng tôi áp dụng quy trình xác minh doanh nghiệp chặt chẽ với các tiêu chuẩn cao, bao gồm:
1. Xác thực thông tin doanh nghiệp: Mỗi doanh nghiệp đăng ký trên Arobid đều phải cung cấp giấy phép kinh doanh, thông tin pháp lý và hồ sơ thuế. Chúng tôi sử dụng công nghệ AI & dữ liệu lớn để tự động kiểm tra và đối chiếu với các nguồn chính thống.
2. Định danh số & xác minh nâng cao: Arobid áp dụng e-KYC (Electronic Know Your Customer) để xác minh chủ sở hữu và người đại diện doanh nghiệp, giúp hạn chế các tài khoản giả mạo hoặc gian lận.
3. Xếp hạng tín nhiệm doanh nghiệp: Hệ thống đánh giá trên Arobid sử dụng dữ liệu giao dịch thực tế, phản hồi của đối tác và các chỉ số uy tín, giúp người mua và nhà cung cấp dễ dàng đưa ra quyết định hợp tác.
4. Cơ chế kiểm duyệt liên tục: Arobid liên tục cập nhật và kiểm soát dữ liệu doanh nghiệp để đảm bảo các thông tin được duy trì chính xác và minh bạch. Các tài khoản vi phạm quy định hoặc có dấu hiệu rủi ro sẽ bị cảnh báo hoặc đình chỉ hoạt động.
Với các công nghệ xác minh tiên tiến và quy trình kiểm duyệt nghiêm ngặt, Arobid không chỉ tạo ra một nền tảng giao thương an toàn mà còn giúp các doanh nghiệp kết nối với đối tác đáng tin cậy, nâng cao hiệu quả kinh doanh và giảm thiểu rủi ro giao dịch.

Truy cập https://arobid.com/ để biết thêm thông tin.
Liên hệ [Trung tâm Hỗ trợ Arobid](https://arobid.com/help/vi) hoặc chat trực tuyến để được hướng dẫn thêm.";;Yes;Yes;;;;;"45;46;26;24"
45;Làm thế nào để doanh nghiệp trên Arobid có thể tìm được Nhà mua tiềm năng?;"Doanh nghiệp trên Arobid có thể tìm được nhà mua tiềm năng nhờ vào hệ sinh thái số thông minh và các công cụ tối ưu hóa giao dịch B2B của nền tảng. Cụ thể, Arobid hỗ trợ doanh nghiệp tiếp cận khách hàng theo những cách sau:
* Kết nối thông minh với AI Matching
Arobid sử dụng công nghệ AI Matching để phân tích dữ liệu nhu cầu của người mua và đề xuất các nhà cung cấp phù hợp. Điều này giúp doanh nghiệp nhanh chóng tiếp cận đúng đối tác mà không mất quá nhiều thời gian tìm kiếm.
* Tận dụng sàn RFQ (Request for Quotation): nơi bạn dễ dàng tìm thấy các nhà mua và đơn hàng tiềm năng
* Tham gia Arobid TradeXpo – Triển lãm số toàn cầu
Arobid TradeXpo là nền tảng triển lãm số, giúp doanh nghiệp trưng bày sản phẩm/dịch vụ dưới dạng gian hàng số 3D và tiếp cận hàng nghìn khách mua tiềm năng từ nhiều quốc gia mà không cần tham gia triển lãm truyền thống.
* Mạng lưới giao thương và hỗ trợ tiếp thị đa kênh
Doanh nghiệp có thể tạo hồ sơ thương mại (Business Profile) chuẩn SEO để tăng khả năng xuất hiện trên các công cụ tìm kiếm và tiếp cận nhà mua quốc tế.
Arobid hỗ trợ các chiến dịch tiếp thị B2B, giúp doanh nghiệp quảng bá sản phẩm tới đúng nhóm khách hàng mục tiêu.
* Xác minh uy tín – Gia tăng niềm tin với nhà mua
Arobid cung cấp hệ thống xác minh doanh nghiệp, giúp doanh nghiệp được công nhận độ tin cậy trên nền tảng, nâng cao khả năng tiếp cận khách mua lớn.
* Hỗ trợ từ đội ngũ Arobid
Arobid có đội ngũ hỗ trợ doanh nghiệp kết nối với buyer phù hợp thông qua các chương trình xúc tiến thương mại, hội nghị B2B, giúp mở rộng mạng lưới kinh doanh nhanh chóng.
Tóm lại: Trên Arobid, doanh nghiệp không chỉ đơn thuần đăng tải sản phẩm mà còn được hỗ trợ toàn diện từ công nghệ AI, triển lãm số, tiếp thị B2B và xác minh uy tín, giúp doanh nghiệp tìm được nhà mua phù hợp và phát triển bền vững.

Truy cập https://arobid.com/ để biết thêm thông tin.
Liên hệ [Trung tâm Hỗ trợ Arobid](https://arobid.com/help/vi) hoặc chat trực tuyến để được hướng dẫn thêm.";;Yes;Yes;;;;;"46;9;10;11"
46;Tôi chỉ có nhu cầu đi mua hàng trên Arobid, tôi có phải đăng ký doanh nghiệp và trả phí không?;"Để trở thành nhà mua  bạn được miễn phí hoàn toàn khi tham gia nền tảng. Arobid cam kết mang đến trải nghiệm mua hàng hiệu quả, giúp bạn dễ dàng tìm kiếm nhà cung cấp uy tín, kết nối nhanh chóng và giao dịch an toàn.
Chúng tôi khuyến khích bạn đăng ký doanh nghiệp trên Arobid để nhận được sự hỗ trợ tốt hơn, bao gồm các công cụ tìm kiếm nâng cao, đề xuất nhà cung cấp phù hợp và các quyền lợi nâng cao khác.

Truy cập https://arobid.com/ để biết thêm thông tin.
Liên hệ [Trung tâm Hỗ trợ Arobid](https://arobid.com/help/vi) hoặc chat trực tuyến để được hướng dẫn thêm.";;Yes;Yes;;;;;"1;2;3;4"
63;Doanh nghiệp chưa đăng ký tài khoản có thể truy cập nền tảng không?;"- Có. Doanh nghiệp chưa đăng ký có thể xem-so sánh các sản phẩm, tìm hiểu thông tin,và đọc tài liệu hỗ trợ.
- Khi muốn gửi RFQ hoặc tương tác với seller, doanh nghiệp cần đăng ký tài khoản để xác minh thông tin.";;No;Yes;;;;;
65;Arobid có hỗ trợ đa ngôn ngữ và tiền tệ không?;"- Có. Hệ thống hỗ trợ nhiều ngôn ngữ và tiền tệ, giúp seller và buyer từ các quốc gia dễ dàng giao dịch.
- AI tự động dịch RFQ và tin nhắn giữa buyer và seller, giúp giao thương xuyên biên giới thuận tiện hơn.";;Yes;Yes;;;;;
66;Tôi có thể liên hệ hỗ trợ ở đâu?;"- Email: cskh@arobid.com
- Hotline: 1900989815
- Website: Arobid.com
- Help Center: https://arobid.com/help/vi
- Arobo: Chatbot ứng dụng A.I";;Yes;Yes;;;;;
131;Cách xoá sản phẩm.;"Khi sản phẩm đã ngừng bán hoặc thay đổi chiến lược kinh doanh, bạn cần xóa sản phẩm đó khỏi gian hàng để giữ cho thông tin luôn chính xác và chuyên nghiệp? 
Hãy làm theo vài thao tác cơ bản dưới đây: 

Truy cập chế độ tài khoản Cửa hàng số >  Nhấn “Quản lý sản phẩm” >Tìm sản phẩm cần xoá  và Chọn “Xoá”";;No;Yes;;;;;"37;38;39;40"
193;Visitor của Arobid có bao nhiêu doanh nghiệp?;Số liệu visitors được công bố công khai trên từng Triển Lãm trực tuyến và nền tảng. Các số liệu sẽ phụ thuộc ngành hàng, và thời gian kéo dài của triển lãm.;;No;Yes;;;;;
194;Sau khi lên sàn Arobid, DN cần làm gì nữa?;Duy trì cập nhật hồ sơ/chứng nhận, tối ưu nội dung theo từ khóa buyer, phản hồi RFQ nhanh, tham gia các Expo/chủ đề phù hợp và theo dõi báo cáo để cải thiện.;;No;Yes;;;;;
134;Làm thế nào để tạo Hợp đồng mua bán?;"Cách Tạo Hợp đồng mua bán
Bước 1: Thoả thuận thành công
🔹Từ Thoả thuận mua bán đã được Nhà Mua xác nhận -> Nhà cung cấp chọn ""Tạo Hợp đồng Mua bán"" 

Bước 2: Toàn bộ thông tin trên Thoả thuận mua bán được Nhà mua xác nhận sẽ tự động điền sẵn, nên nhà cung cấp chỉ cần khai báo thêm các trường thông tin còn lại

Bước 3: Xác nhận & Gửi thỏa thuận
🔹 Kiểm tra kỹ các thông tin, điều khoản và điều kiện.
🔹 Nhấn ""Gửi"" để khách hàng xem xét & xác nhận.

Truy cập https://arobid.com/ để biết thêm thông tin.
Liên hệ [Trung tâm Hỗ trợ Arobid](https://arobid.com/help/vi) hoặc chat trực tuyến để được hướng dẫn thêm.";;No;Yes;;;;;
182;Lên Arobid có ra đơn hàng không?;"Thực tế cho thấy là đã có nhiều doanh nghiệp có đơn hàng tại Arobid.

Arobid tập trung kết nối buyer thật qua các hành lang VN–Mỹ, VN–Singapore, và sẽ mở rộng sang EU, Úc và Châu Á TBD.
TradeXpo 3D và RFQ; hiệu quả phụ thuộc hồ sơ DN, chứng từ, giá, và phản hồi RFQ. Nền tảng ưu tiên “chất lượng & tuân thủ” hơn là số lượng giao dịch tức thời.";;No;Yes;;;;;
183;Nếu thu phí thì trong 3 tháng Arobid cam kết bao nhiêu RFQ / bao nhiêu báo giá?;"Arobid không công bố công khai cam kết định lượng cố định; kết quả được đo bằng traffic, tương tác và RFQ phát sinh theo từng kỳ Expo/chiến dịch. (Khuyến nghị: dùng chỉ số Traffic/Engagement/Lead Quality/ROI để đánh giá.)";;No;Yes;;;;;
184;Giao dịch trên Arobid hỗ trợ hóa đơn điện tử thế nào?;"Hóa đơn là giữa người bán–người mua theo pháp luật sở tại và điều khoản hợp đồng; Arobid là nền tảng trung gian, không đứng tên trong giao dịch, hỗ trợ quy trình và bằng chứng khi cần.";;No;Yes;;;;;
185;Cơ chế cảnh báo/thu hồi sản phẩm vi phạm tiêu chuẩn? Thời gian xử lý trung bình?;"Arobid có quy chế cấm gian lận/hành vi gây hiểu lầm; vi phạm bị xử lý theo mức độ và quy trình khiếu nại–tranh chấp đã công bố. Thời gian xử lý phụ thuộc hồ sơ chứng cứ và thỏa thuận đôi bên.";;No;Yes;;;;;
186;Với hàng thực phẩm/hoá chất/máy móc: Arobid có yêu cầu chứng từ nào?;Arobid có yêu cầu bắt buộc với Nhà cung cấp phải công bố những giấy phép và đăng ký theo pháp luật hiện hành của Việt Nam. Và Nhà cung cấp cam kết chịu trách nhiệm trước pháp luật về các thông tin, giấy phép đăng ký, chứng nhận và các công bố của mình. Theo thị trường đích & ngành hàng (ví dụ: CO, CQ, ISO/HACCP, MSDS, chứng nhận an toàn, tiêu chuẩn kỹ thuật…), Arobid và đối tác sẽ hướng dẫn để đáp ứng tiêu chuẩn và ESG.;;No;Yes;;;;;
187;Arobid là doanh nghiệp nào ?;"CÔNG TY CỔ PHẦN CÔNG NGHỆ AROBID (MST 0318608079), hoạt động từ 06/08/2024; địa chỉ: Tầng 2, 799 Nguyễn Văn Linh, Q.7, TP.HCM.";;No;Yes;;;;;
188;Triển lãm online mới, bên em có cho free không?;"Tùy kỳ và gói; Arobid tổ chức TradeXpo 3D, livestream, booth số và RFQ. Chính sách phí/ưu đãi do từng chương trình quy định.";;No;Yes;;;;;
189;Làm sao để bán hàng hiệu quả trên Arobid?;Hoàn thiện hồ sơ DN & sản phẩm (chuẩn ESG/chứng nhận), tham gia TradeXpo theo chủ đề, phản hồi RFQ nhanh–đủ, chào giá rõ Incoterms/MOQ, và theo dõi báo cáo để tối ưu.;;No;Yes;;;;;
190;Có các hoạt động kết nối với người mua thế nào? Có thể hướng dẫn được không?;"Arobid triển khai nhiều hình thức kết nối để doanh nghiệp tiếp cận đúng buyer thật và đúng nhu cầu:
1. Kết nối qua hành lang thương mại quốc tế
Doanh nghiệp được tiếp cận buyer trong các hành lang VN–Singapore, VN–Mỹ, VN–EU… theo nhóm ngành và thị trường ưu tiên.
2. RFQ & AI Matching
Buyer gửi RFQ trực tiếp trên nền tảng; hệ thống AI tự động gợi ý các nhà cung cấp phù hợp nhất để doanh nghiệp nhận được cơ hội chuẩn xác.
3. TradeXpo – Triển lãm số 24/7
Doanh nghiệp tham gia triển lãm theo ngành, sản phẩm sẽ được buyer xem, tìm kiếm và gửi yêu cầu liên hệ ngay.
4. Kết nối từ các chương trình XTTM
Arobid phối hợp với Cục XTTM, Sở Công Thương, hiệp hội ngành hàng để đưa buyer thật vào nền tảng. 

Để giúp doanh nghiệp tham gia các hoạt động kết nối với Nhà Mua, Arobid có tài liệu chi tiết, video hướng dẫn và đội hỗ trợ 1:1:
- Tối ưu hồ sơ
- Tạo gian hàng xuất khẩu
- Tham gia TradeXpo đúng ngành
- Xử lý và phản hồi RFQ chuyên nghiệp
Doanh nghiệp không cần tự mò mẫm — Arobid đồng hành và hướng dẫn từng bước.";;No;Yes;;;;;
196;Nền tảng của Arobid có gì giống và khác gì so với alibaba?;"Arobid và Alibaba đều là nền tảng thương mại điện tử B2B kết nối doanh nghiệp mua – bán toàn cầu, nhưng Arobid khác biệt ở định hướng chiến lược và giá trị cốt lõi. 

Nếu Alibaba tập trung vào quy mô và giá cạnh tranh, thì Arobid được xây dựng như một nền tảng quốc gia hỗ trợ doanh nghiệp Việt Nam xuất khẩu bền vững, tích hợp công cụ ESG, triển lãm ảo 3D (TradeXpo) và hệ sinh thái tài chính – bảo hiểm – logistics thông qua đối tác chiến lược. 

Arobid hướng đến việc cung cấp môi trường thương mại minh bạch, an toàn và tuân thủ tiêu chuẩn quốc tế, giúp doanh nghiệp Việt Nam vươn ra thị trường toàn cầu một cách hiệu quả và có trách nhiệm.";;No;Yes;;;;;
197;Tại sao lại không mua bán thẳng trên Alibaba mà lại chọn Arobid;"Alibaba là sàn B2B toàn cầu với lượng nhà cung cấp rất lớn, nhưng doanh nghiệp Việt Nam phải cạnh tranh trực tiếp với hàng nghìn nhà bán từ nhiều quốc gia và thường gặp rủi ro về hồ sơ, chứng từ, ngôn ngữ và buyer không xác thực.

Arobid được phát triển như hệ sinh thái B2B dành cho doanh nghiệp Việt Nam, giúp chuẩn hóa hồ sơ xuất khẩu theo tiêu chuẩn quốc tế, tích hợp ESG, hỗ trợ đa ngôn ngữ, và kết nối buyer thật thông qua các hành lang thương mại Việt Nam – Mỹ, Việt Nam – Singapore, Việt Nam – EU,... Arobid còn kết hợp với các đối tác chiến lược về tài chính, logistics, bảo hiểm và dữ liệu tín nhiệm, giúp doanh nghiệp giảm rủi ro khi giao thương và tăng khả năng được lựa chọn vào chuỗi cung ứng toàn cầu. Arobid tập trung chất lượng giao thương – minh bạch – bền vững, phù hợp doanh nghiệp Việt Nam muốn mở rộng xuất khẩu hiệu quả và an toàn hơn.";;No;Yes;;;;;
198;Arobid chỉ mới ra đời gần đây, hiệu ứng chưa có cao thì làm gì bán buôn được trên này?;"Đúng là Arobid là nền tảng mới, nhưng được xây dựng theo mô hình hệ sinh thái B2B có đối tác bảo chứng, liên kết với các tổ chức xúc tiến thương mại, hiệp hội ngành hàng, doanh nghiệp tài chính – logistics – bảo hiểm và các hành lang thương mại quốc tế như Việt Nam – Singapore, Việt Nam – Mỹ, Việt Nam – EU…
Arobid không chạy theo số lượng người dùng ngay lập tức, mà tập trung chất lượng giao thương:
- Nhà Mua/ Nhà Bán được xác minh
- Thư hỏi hàng và yêu cầu đã được phân loại theo ngành hàng. Kết nối mua - bán thông minh nhờ AI và phân tích dữ liệu
- Triển lãm số 3D giúp doanh nghiệp tăng độ tin cậy và độ nhận diện thương hiệu, thu hút các Nhà Mua tìm đến nơi tập trung nguồn cung đáp ứng nhu cầu của họ
- Hồ sơ doanh nghiệp được chuẩn hóa theo tiêu chuẩn quốc tế, dễ dàng giao thương ngay mà không cần chờ catalogue, báo giá bằng văn bản

Nhờ đó, doanh nghiệp Việt Nam có thể tiếp cận buyer thật, đúng nhu cầu, đúng thị trường, thay vì cạnh tranh đại trà như trên các sàn quốc tế lớn. 
Arobid ưu tiên xây dựng nền tảng bền vững, minh bạch và an toàn, giúp doanh nghiệp bán buôn hiệu quả dù nền tảng còn mới.";;No;Yes;;;;;
199;"Theo chính sách và quy định về thanh toán, vận chuyển và bảo hành, Arobid chỉ đóng vai trò trung gian hỗ trợ giải quyết khi có tranh chấp.
Vậy trong trường hợp phát sinh vấn đề với đối tác ở Ấn Độ, tôi phải tự sang đó để trực tiếp giải quyết hay nộp hồ sơ ra tòa án tại nước họ?";"Không bạn ạ. Nhưng chúng tôi, theo quy chế hoạt động của Arobid, tuy nền tảng không đại diện và không can thiệp vào phán quyết tranh chấp, nhưng sẽ hỗ trợ cung cấp dữ liệu và chứng cứ liên quan đến giao dịch để doanh nghiệp sử dụng khi làm việc với đối tác hoặc cơ quan có thẩm quyền.
Cụ thể, Arobid hỗ trợ ở mức:
- Trích xuất lịch sử giao dịch, trao đổi, RFQ/ Báo giá/điều khoản đã xác nhận trên nền tảng
- Đối chiếu dữ liệu và thời điểm phát sinh sự kiện
- Cung cấp bản ghi kỹ thuật theo quy chế để doanh nghiệp làm căn cứ chứng minh
- Xác minh thông tin cơ bản dựa trên hồ sơ và dữ liệu công khai

Chúng tôi khuyến nghị, thông qua liên minh dữ liệu Arobid- CRIF D&B, doanh nghiệp có thể kiểm tra mức độ tín nhiệm và rủi ro của đối tác quốc tế trước giao dịch, hạn chế tối đa phát sinh tranh chấp chỉ với mức chi phí hợp lý đã được tối ưu cho doanh nghiệp thành viên của Arobid.

Nếu sự việc cần đưa ra trọng tài hoặc cơ quan pháp lý, doanh nghiệp tự lựa chọn cơ quan giải quyết phù hợp theo điều khoản hợp đồng, và có thể sử dụng toàn bộ dữ liệu do Arobid cung cấp để làm căn cứ — không cần phải tự sang nước ngoài, trừ khi pháp luật hoặc đối tác yêu cầu.
Arobid chỉ đóng vai trò nền tảng hỗ trợ dữ liệu, giúp doanh nghiệp bảo vệ quyền lợi dựa trên bằng chứng rõ ràng và minh bạch.";;No;Yes;;;;;
200;Tại sao trang DN của Arobid lại không link đến website riêng của DN? So với việc có website riêng, thì trang Doanh nghiệp trên Arobid có gì tiện hơn?;"Trang Doanh nghiệp (DN) trên Arobid được thiết kế như hồ sơ kinh doanh chuẩn quốc tế giúp doanh nghiệp thể hiện đầy đủ năng lực xuất khẩu mà không cần đầu tư, vận hành hay bảo trì website riêng.

Việc không gắn link ra ngoài nhằm đảm bảo an toàn, minh bạch và bảo vệ dữ liệu giao dịch trong hệ sinh thái Arobid, đồng thời giúp người mua quốc tế tra cứu, liên hệ và yêu cầu báo giá trực tiếp ngay trên nền tảng.

So với website riêng, trang DN trên Arobid tích hợp sẵn các công cụ liên hệ mạnh mẽ như: RFQ, đánh giá ESG, chứng nhận sản phẩm, thống kê truy cập và hỗ trợ quảng bá trong các hội chợ/ triển lãm trực tuyến (TradeXpo) — giúp doanh nghiệp vừa được xác thực uy tín, vừa có thêm cơ hội tiếp cận khách hàng toàn cầu trong môi trường thương mại chuyên nghiệp và bảo mật hơn.";;No;Yes;;;;;
201;Khi tham gia triển lãm trên TradeXpo thì đúng là thời gian diễn ra lâu hơn, có cả livestream hay video pitching thật, nhưng cảm giác vẫn không “thật” bằng triển lãm trực tiếp?;"TradeXpo của Arobid được thiết kế để bổ sung chứ không thay thế hoàn toàn triển lãm thật. 

Điểm mạnh của TradeXpo nằm ở khả năng kéo dài thời gian trưng bày 24/7 trong nhiều tháng, cho phép người mua quốc tế xem gian hàng, video pitching, tài liệu sản phẩm, và liên hệ trực tiếp bất cứ lúc nào, kể cả sau khi sự kiện chính kết thúc.

Ngoài ra, doanh nghiệp còn tiết kiệm chi phí di chuyển, nhân sự và vận chuyển hàng mẫu, đồng thời có dữ liệu truy cập, phân tích hành vi người xem, và cơ hội tiếp cận người mua toàn cầu vượt xa phạm vi một triển lãm vật lý thông thường. 

Nói cách khác, TradeXpo không thay thế cảm xúc “thật”, nhưng mở rộng giá trị thương mại của triển lãm lên không gian số, bền vững và hiệu quả hơn.";;No;Yes;;;;;
202;Tôi biết là miễn phí đó, nhưng giờ tôi chưa thấy hiệu ứng bán hàng từ Arobid nhiều lắm. Khi nào thấy sàn nhộn nhịp, có nhiều tương tác hơn thì tôi sẽ tham gia?;"Chúng tôi hoàn toàn hiểu tâm lý đó của bạn. Tuy nhiên, Arobid đang trong giai đoạn phát triển nền tảng và mở rộng mạng lưới buyer quốc tế, nên những doanh nghiệp tham gia sớm sẽ được hưởng nhiều lợi thế hơn về hiển thị, chứng nhận và ưu tiên quảng bá trong các chiến dịch xúc tiến thương mại. 

Hiện tại, các gian hàng đầu tiên đang được Arobid trực tiếp hỗ trợ xây hồ sơ, kết nối đối tác thật và tham gia các hành lang thương mại như Việt Nam–Singapore, Việt Nam–Mỹ, giúp gia tăng cơ hội xuất khẩu thực tế. 

Nói cách khác, giai đoạn “chưa nhộn nhịp” chính là thời điểm tốt nhất để doanh nghiệp vào sớm, chiếm vị trí nổi bật và được Arobid hỗ trợ tối đa, trước khi lượng doanh nghiệp tham gia tăng mạnh.";;No;Yes;;;;;
203;Doanh nghiệp tôi là đơn vị lớn, nên mọi hoạt động truyền thông hay đăng tải thông tin đều phải được Ban lãnh đạo phê duyệt trước. Tôi không thể tự ý đưa thông tin doanh nghiệp lên nhiều nơi được, như vậy dễ ảnh hưởng đến hình ảnh thương hiệu?;"Điều đó hoàn toàn hợp lý — và Arobid hiểu rất rõ yêu cầu bảo mật và kiểm soát thương hiệu của các doanh nghiệp lớn.

Trên Arobid, doanh nghiệp có toàn quyền kiểm duyệt nội dung trước khi công khai, mọi thông tin (hồ sơ, hình ảnh, sản phẩm, bài viết) chỉ hiển thị sau khi được người quản trị DN xác nhận. Ngoài ra, trang doanh nghiệp trên Arobid hoạt động như một hồ sơ giới thiệu chính thức, không cho phép người ngoài chỉnh sửa hay đăng bài tự do, và toàn bộ dữ liệu đều được bảo vệ theo chính sách bảo mật và tiêu chuẩn thương mại điện tử của Pháp luật Việt Nam.

Vì vậy, Arobid hoàn toàn phù hợp cho các tập đoàn hoặc doanh nghiệp lớn muốn giữ kiểm soát hình ảnh, trong khi vẫn mở rộng hiện diện quốc tế một cách an toàn và chuyên nghiệp.";;No;Yes;;;;;
204;Tôi đã có đội ngũ sales và marketing mạnh rồi, tự bán được hàng, tự làm truyền thông hiệu quả. Vậy thì lý do gì tôi cần phải lên Arobid nữa? Thậm chí, hiện tại hoạt động marketing của tôi còn mạnh hơn cả Arobid mà. Ai chẳng biết đến DN Abc, xyz..?;"Rất tuyệt khi doanh nghiệp anh/chị đã có đội ngũ mạnh và thương hiệu vững. Đây chính là nền tảng tốt nhất để tận dụng Arobid như một kênh kênh thương mại gia tăng giá trị chứ không phải thay thế.

Điểm khác biệt của Arobid nằm ở vai trò “nền tảng TMĐT B2B toàn cầu”, được kết nối trực tiếp với các hành lang xuất khẩu chính thức và hệ thống buyer quốc tế. Khi doanh nghiệp có thương hiệu mạnh tham gia, Arobid giúp định vị anh/chị trong nhóm nhà cung cấp uy tín của Việt Nam, củng cố hình ảnh trong mắt đối tác nước ngoài, đồng thời mở rộng cơ hội hợp tác B2B, dự án xuất khẩu và được hỗ trợ xúc tiến thương mại ở cấp Chính phủ – hiệp hội – buyer toàn cầu. 
Nhờ đó, buyer quốc tế có thể dễ dàng xác thực và tiếp cận doanh nghiệp, điều mà hoạt động marketing riêng khó đạt được ở quy mô và cấp độ thương mại toàn cầu.";;No;Yes;;;;;
205;Arobid tối ưu chuỗi cung ứng và tiết kiệm chi phí như thế nào?;"Arobid được xây dựng như một hệ sinh thái B2B hỗ trợ doanh nghiệp tối ưu toàn bộ chuỗi cung ứng thông qua dữ liệu, công nghệ và liên minh đối tác. Cụ thể:
1. Tối ưu tìm nguồn cung – giảm chi phí đầu vào
- Doanh nghiệp tiếp cận mạng lưới nhà cung cấp được xác thực, giúp giảm rủi ro tìm kiếm và đánh giá đối tác.
- Công cụ RFQ cho phép so sánh báo giá từ nhiều nhà cung cấp, tối ưu chi phí mua hàng mà không mất thời gian đàm phán thủ công.

2. Tối ưu phân phối – mở rộng đầu ra hiệu quả
- Gian hàng chuẩn hóa, tích hợp đa ngôn ngữ và chuẩn xuất khẩu giúp doanh nghiệp dễ dàng tiếp cận buyer trong nhiều thị trường.
- Các hành lang thương mại (VN–Singapore, VN–Mỹ, VN–EU…) giúp kết nối buyer đúng nhu cầu, đúng ngành, giảm chi phí marketing quốc tế.

3. Tối ưu vận hành – giảm chi phí logistics, tài chính và rủi ro
Thông qua hệ liên minh của Arobid:
- Logistics: đối tác cung cấp giải pháp tối ưu tuyến vận chuyển và chi phí xuất khẩu.
- Tài chính – bảo hiểm: hỗ trợ tín dụng, bảo hiểm giao dịch, giảm rủi ro tài chính. Kết nối nguồn vốn ngân hàng và các quỹ đầu tư trong nước và quốc tế.
- CRIF D&B: cung cấp dữ liệu tín nhiệm doanh nghiệp toàn cầu, giảm rủi ro lựa chọn đối tác trong chuỗi cung ứng.

4. Công nghệ & AI giúp giảm chi phí vận hành
Arobid ứng dụng AI để:
- Đề xuất đối tác phù hợp
- Tối ưu nội dung và hồ sơ doanh nghiệp
- Tự động hóa tìm kiếm và kết nối

Kết quả: doanh nghiệp tiết kiệm đáng kể chi phí tìm nguồn hàng, marketing, logistics, kiểm tra tín nhiệm và thời gian vận hành, tạo nên chuỗi cung ứng hiệu quả hơn và an toàn hơn.";;No;Yes;;;;;
206;Arobid có tiêu chí hay chỉ số nào giúp doanh nghiệp tôi đo lường và đánh giá được hiệu quả khi tham gia TradeXpo không? Tôi muốn so sánh cụ thể giữa việc có tham gia triển lãm trên đó và chỉ bán hàng qua sàn B2B thông thường.;"Có. Khi doanh nghiệp tham gia TradeXpo trên Arobid, hệ thống sẽ cung cấp bộ chỉ số đo lường hiệu quả (Exhibition Performance Metrics) giúp anh/chị theo dõi và so sánh rõ ràng với hoạt động trên sàn B2B thông thường. 

Nhờ dữ liệu này, doanh nghiệp có thể đo lường định lượng hiệu quả của triển lãm số, đánh giá mức độ lan tỏa thương hiệu và khả năng tạo cơ hội xuất khẩu, điều mà các sàn B2B thông thường ít khi cung cấp được.";;No;Yes;;;;;
207;Tôi Onboard rất lâu rồi, có ra đơn hàng nào đâu tham gia và TradeXpo chi cho tốn tiền?;"Hoàn toàn hiểu lo ngại của anh/chị. Tuy nhiên, việc chưa ra đơn hàng ngay không có nghĩa là không hiệu quả.

Điểm khác biệt khi doanh nghiệp đã tham gia TradeXpo là gian hàng và hồ sơ của anh/chị được duy trì hiển thị 24/7 trong suốt thời gian triển lãm và sau đó, liên tục thu hút buyer từ Mỹ, Singapore, Hàn Quốc, Ấn Độ, EU…

Ngoài ra, Arobid đang ưu tiên tái quảng bá các gian hàng sớm trong các chương trình xúc tiến thương mại quốc tế, giúp doanh nghiệp được đẩy hiển thị miễn phí và giới thiệu trực tiếp cho buyer thật qua kênh đối tác của Arobid.";;No;Yes;;;;;
208;Có doanh nghiệp nào bán được đơn thật trên Arobid chưa?;"Hiện tại, các đơn hàng giao dịch thành công trên Arobid chưa được công khai rộng rãi do nền tảng tuân thủ chính sách bảo mật thông tin doanh nghiệp và hợp đồng thương mại giữa các bên. 

Tuy nhiên, Arobid đã ghi nhận nhiều trường hợp kết nối thực tế giữa doanh nghiệp Việt Nam và buyer quốc tế. Những số liệu và báo cáo chi tiết về hiệu quả giao thương sẽ được tổng hợp và công bố trong các kỳ báo cáo sắp tới, sau khi được xác minh và thống nhất với đối tác liên quan.";;No;Yes;;;;;
209;Mấy sàn nội địa trước giờ toàn chết yểu, Arobid có khác gì, Alibaba còn chưa ăn thua?;"Arobid không phải là một sàn TMĐT nội địa thông thường, mà là hệ sinh thái kinh doanh và xuất khẩu số, kết hợp công nghệ – dữ liệu – XTTM – liên minh dịch vụ, được thiết kế để đồng hành lâu dài cùng doanh nghiệp Việt Nam trong thương mại toàn cầu. 
1. Chuẩn hóa năng lực doanh nghiệp theo tiêu chuẩn quốc tế
Arobid giúp doanh nghiệp xây dựng hồ sơ xuất khẩu hoàn chỉnh, tiêu chuẩn ngành và phù hợp yêu cầu của buyer toàn cầu.
2. Kết nối với buyer thật qua các hành lang thương mại
Các hành lang như Việt Nam – Singapore, Việt Nam – Mỹ, Việt Nam – EU, Việt Nam – Trung Đông… giúp doanh nghiệp tiếp cận thị trường theo nhóm ngành và nhu cầu thực.
3. Tích hợp AI – dữ liệu – đa ngôn ngữ
Hệ thống AI hỗ trợ tối ưu hồ sơ, tìm kiếm, matching buyer, đa ngôn ngữ và gợi ý thị trường, giúp doanh nghiệp Việt nâng cấp năng lực xuất khẩu ngay trên nền tảng.
4. Liên minh với hệ sinh thái dịch vụ và dữ liệu
Arobid đồng hành cùng các đối tác uy tín như:
- CRIF D&B (dữ liệu tín nhiệm doanh nghiệp toàn cầu)
- Bảo Việt, Viettel, hệ thống ngân hàng, logistics, bảo hiểm, tài chính, quỹ đầu tư,...
- Các đơn vị XTTM trong và ngoài nước
5. Đồng hành XTTM cùng Nhà nước và các tổ chức doanh nghiệp:
- Cục Xúc tiến Thương mại – Bộ Công Thương,
- Sở Công Thương các tỉnh thành,
- Hiệp hội ngành hàng,
- Hội doanh nghiệp tại địa phương,

Chúng tôi giúp đưa dữ liệu doanh nghiệp lên môi trường số một cách chuẩn hóa, minh bạch và định hướng đúng thị trường cho doanh nghiệp tăng doanh thu, lợi nhuận và giảm thiểu chi phí.";;No;Yes;;;;;
210;Arobid giúp tôi tiếp cận khách nước ngoài kiểu gì?;"Arobid được xây dựng như một hệ sinh thái xuất khẩu số, giúp doanh nghiệp tiếp cận khách nước ngoài theo nhiều lớp bảo chứng, đảm bảo đúng thị trường – đúng nhu cầu – đúng buyer thật. Cụ thể:
1. Hành lang thương mại quốc tế (Trade Corridors)
Arobid vận hành các hành lang như Việt Nam – Singapore, Việt Nam – Mỹ, Việt Nam – EU, Việt Nam – Trung Đông…
Buyer trong các hành lang này được lọc theo ngành, theo nhu cầu và theo tiêu chuẩn nhập khẩu, giúp doanh nghiệp Việt tiếp cận thị trường mục tiêu nhanh hơn.

2. Triển lãm số 3D – Arobid TradeXpo
Các triển lãm 24/7 theo chủ đề, theo quốc gia và theo ngành giúp buyer quốc tế:
- xem gian hàng 3D của doanh nghiệp
- gửi RFQ trực tiếp
- liên hệ ngay trên nền tảng
Đây là kênh tăng nhận diện mạnh hơn website truyền thống.

3. Tìm kiếm – RFQ – Matching bằng AI
AI của Arobid hỗ trợ:
- gợi ý doanh nghiệp Việt cho buyer quốc tế
- dịch tự động đa ngôn ngữ
- đề xuất sản phẩm phù hợp theo HS Code, tiêu chuẩn, nhu cầu nhập khẩu
Nhờ đó, hồ sơ doanh nghiệp Việt dễ tiếp cận buyer hơn rất nhiều.

4. Liên minh dữ liệu và XTTM
Arobid hợp tác với:
- CRIF D&B (dữ liệu tín nhiệm toàn cầu),
- Cục XTTM – Bộ Công Thương,
- Sở Công Thương các tỉnh,
- Hiệp hội/Hội doanh nghiệp,
giúp thu hút buyer quốc tế thông qua các chương trình XTTM chính thống.";;No;Yes;;;;;
211;Anh chưa buôn bán ra quốc tế lần nào, vậy thì bên bạn sẽ hỗ trợ tôi việc buôn bán XNK quốc tế từng bước từng bước như vận chuyển, thanh toán,,, đồ chứ;"Anh/chị yên tâm, Arobid sinh ra là để hỗ trợ cả những doanh nghiệp chưa từng xuất nhập khẩu lần nào, chứ không chỉ người đã quen buôn bán quốc tế.
1. Hướng dẫn nền tảng & hồ sơ xuất khẩu
- Đội ngũ và tài liệu của Arobid giúp anh/chị hiểu các khái niệm cơ bản: Incoterms, điều kiện giao hàng, chứng từ tối thiểu cần có…
- Hỗ trợ anh/chị chuẩn hóa hồ sơ doanh nghiệp, hồ sơ sản phẩm, HS code, CO/CQ, tiêu chuẩn chất lượng ở mức phù hợp từng thị trường.

2. Kết nối đúng “người làm chuyên nghiệp”
Arobid không tự mình vận chuyển hay giữ tiền, mà:
- Kết nối anh/chị với các đối tác logistics, khai báo hải quan, bảo hiểm, tài chính thanh toán quốc tế đã nằm trong hệ sinh thái.
- Thông qua liên minh dữ liệu (như CRIF D&B), hỗ trợ anh/chị kiểm tra mức độ tín nhiệm của buyer, giảm rủi ro ngay từ bước đầu.

3. Đồng hành theo từng bước giao dịch
Khi có buyer quan tâm, Arobid giúp:
- Gửi/nhận RFQ, PO trên nền tảng
- Theo dõi quá trình trao đổi, lưu lại lịch sử làm căn cứ khi làm việc với đơn vị dịch vụ và đối tác.

Tóm lại, Arobid không làm thay, nhưng sẽ đi cùng anh/chị từng bước, từ chuẩn bị hồ sơ đến kết nối các đơn vị vận chuyển, thanh toán và dịch vụ liên quan, để việc buôn bán XNK lần đầu trở nên bớt rủi ro và dễ kiểm soát hơn.";;No;Yes;;;;;
212;Tôi thấy Arobid giới thiệu là công ty công nghệ, có ứng dụng AI Matching và Big Data. Nhưng hiện nay nhiều doanh nghiệp khác cũng có rồi, vậy Arobid đang ứng dụng hai công nghệ này khác biệt ở điểm nào?;"Hiện tại, Arobid ứng dụng hai công nghệ này theo hướng “thương mại hóa dữ liệu xuất khẩu”, chứ không chỉ để gợi ý sản phẩm như các sàn thông thường

Arobid ứng dụng AI Matching và Big Data không chỉ để gợi ý sản phẩm, mà để kết nối doanh nghiệp Việt với buyer thật sự phù hợp về ngành hàng, quy mô và tiêu chuẩn ESG. Hệ thống còn phân tích dữ liệu thương mại, hành vi buyer, logistics và giá thị trường để đề xuất cơ hội xuất khẩu và chiến lược giá tối ưu, giúp doanh nghiệp tiếp cận đúng đối tác – đúng thị trường – đúng thời điểm.

Arobid ứng dụng AI kết hợp TradeXpo 3D và XTTM. AI kết nối buyer thật, dẫn vào triển lãm 3D, từ đó buyer gửi RFQ trực tiếp và hệ thống tự học dữ liệu để tối ưu lần sau. Chúng tôi tạo ra sự khác biệt thực sự trong việc giúp doanh nghiệp Việt phát triển kinh doanh bền vững và tiếp cận thị trường quốc tế.";;No;Yes;;;;;
213;Tôi thấy bạn nói Arobid có hệ thống kiểm duyệt, vậy cụ thể sàn đang dựa trên những tiêu chí nào để kiểm duyệt doanh nghiệp và sản phẩm? Làm sao tôi biết quá trình đó đảm bảo minh bạch, không có gian lận? Có đơn vị nào độc lập kiểm chứng hay xác thực cho Arobid không?;"Arobid áp dụng hệ thống kiểm duyệt hai lớp, kết hợp công nghệ – dữ liệu – đối tác độc lập để đảm bảo tính minh bạch cho cả doanh nghiệp Việt Nam và buyer quốc tế.
1. Kiểm duyệt lớp 1: Kiểm duyệt nội bộ & công nghệ
Trước khi hồ sơ được công khai, doanh nghiệp phải cung cấp:
- Giấy phép kinh doanh, mã số thuế và thông tin đại diện pháp lý
- Hồ sơ năng lực, hình ảnh, mô tả sản phẩm, chứng từ ngành hàng (CO, CQ, ISO, HACCP… nếu có)
- Thông tin nguồn gốc và tuân thủ quy định xuất nhập khẩu
Hệ thống của Arobid sẽ:
- Đối chiếu dữ liệu công khai (Sở KH&ĐT, Bộ Công Thương, VCCI…)
- Sử dụng AI phát hiện bất thường về thông tin, nội dung, hình ảnh
- Gắn cờ các hồ sơ không khớp để yêu cầu doanh nghiệp bổ sung
Supplier phải cam kết chịu trách nhiệm hoàn toàn về tính chính xác của thông tin đã đăng tải theo quy chế hoạt động của Arobid.

2. Kiểm chứng lớp 2: Đối tác liên minh độc lập
Arobid hợp tác với các đơn vị có uy tín để doanh nghiệp có thể đăng ký đánh giá – xác thực độc lập, bao gồm:
- CRIF D&B – dữ liệu tín nhiệm doanh nghiệp toàn cầu
- Hiệp hội ngành hàng, tổ chức XTTM, Sở Công Thương
- Đối tác kiểm định - bảo hiểm – tài chính – logistics uy tín
Những doanh nghiệp vượt qua đánh giá sẽ được gắn nhãn:
“Verified Supplier”, “Trusted Exporter” hoặc “ESG Verified”, giúp buyer quốc tế tin tưởng hơn.

3. Minh bạch & truy xuất
Tất cả quy trình, hồ sơ và lịch sử xác minh được lưu trữ và có thể trích xuất làm căn cứ minh bạch khi buyer yêu cầu hoặc khi xảy ra tranh chấp.";;No;Yes;;;;;
214;Arobid đảm bảo tối thiểu 2 triệu Traffic cho mỗi kì Expo nhưng ai đảm bảo traffic đó là ảo hay rác?;"Arobid không đo traffic theo lượt truy cập thô, mà dựa trên hệ thống phân tích định danh người dùng (Verified Visitor Analytics). Cụ thể:
- Nguồn traffic được lọc 3 lớp: chỉ tính người dùng thật từ các kênh hợp tác chính thức như hiệp hội, sàn đối tác quốc tế (Ecohub Singapore, Ocean USA…), và chiến dịch xúc tiến thương mại do Arobid triển khai cùng Bộ, ngành.
- AI chống spam & bot detection: hệ thống nhận diện hành vi ảo (click liên tục, IP lặp, session không tương tác) và loại bỏ toàn bộ lượt truy cập rác khỏi báo cáo.
- Báo cáo minh bạch: doanh nghiệp tham gia TradeXpo có thể xem thống kê chi tiết theo quốc gia, thời gian, hành vi (xem sản phẩm, tải brochure, gửi RFQ...), chứ không chỉ số lượt xem.
- Xác thực bên thứ ba: các kỳ Expo quy mô lớn được đối soát dữ liệu truy cập bởi đối tác công nghệ và truyền thông độc lập trước khi công bố.

Arobid cam kết là traffic đã được xác thực, có hành vi thực và tỷ lệ tương tác rõ ràng, không phải lượng truy cập ảo hoặc quảng cáo đại trà.";;No;Yes;;;;;
215;Như em nói, bên công ty sẽ hỗ trợ Dn XNK nhưng mà các Phương thức thanh toán, vận chuyển, bảo hành.. mình đều để tự thỏa thuận. Vậy nguời newbie như anh gia nhập như nào? Anh đâu có am hiểu về nó? Trong khi Alibaba thì đều có chính sách trả hàng, bảo hành, cổng thanh toán.. rõ ràng?;"Thực ra, chính vì anh là newbie, Arobid lại phù hợp hơn.
Lý do là: Arobid không ép doanh nghiệp dùng cổng thanh toán hay gói vận chuyển riêng của nền tảng, và cũng không thu phí giao dịch giữa Nhà Mua – Nhà Bán.
Điều này giúp anh chủ động, tiết kiệm chi phí, và không bị ràng buộc như khi làm việc trên Alibaba.

1. Arobid không thu phí giao dịch → DN giữ toàn quyền thỏa thuận
Khác với Alibaba thu phí theo gói và phụ thuộc vào cổng thanh toán riêng, Arobid:
- Không thu phí trên bất kỳ giao dịch nào giữa Nhà Mua – Nhà Bán.
- Không ép dùng cổng thanh toán hay vận chuyển của sàn.
- DN toàn quyền chọn đối tác phù hợp nhất về giá – dịch vụ – uy tín.
➡️ Với doanh nghiệp mới, đây là lợi thế rất lớn vì không bị khóa vào hệ thống độc quyền như các sàn quốc tế.

2. Arobid dẫn anh đến đúng đơn vị chuyên nghiệp – thay vì tự mò mẫm
Arobid không làm thay DN, nhưng Arobid kết nối anh đến đúng đối tác chuẩn XNK, gồm:
- Logistics quốc tế
- Đại lý hải quan
- Đơn vị thanh toán quốc tế
- Bảo hiểm hàng hóa
- Đối tác tín nhiệm như CRIF D&B
- Các tổ chức XTTM và Sở Công Thương
➡️ Người mới không phải “tự bơi”, mà được dẫn đúng đường, tiết kiệm thời gian và tránh sai lầm.

3. Arobid hướng dẫn từng bước → từ hồ sơ xuất khẩu đến nhận RFQ
Khi anh mới XNK, Arobid hỗ trợ từng bước:
- Chuẩn hóa hồ sơ doanh nghiệp theo chuẩn quốc tế
- Gợi ý HS Code, thị trường phù hợp
- Dịch thuật đa ngôn ngữ
- Tạo gian hàng chuẩn xuất khẩu
- Nhận RFQ từ buyer thật qua các hành lang VN–Singapore, VN–Mỹ, VN–EU…
➡️ Anh không cần biết hết ngay lập tức — hệ sinh thái Arobid đi cùng anh từng bước.

4. Alibaba có hệ thống hoàn chỉnh, nhưng cạnh tranh cực lớn
- Hàng triệu nhà cung cấp từ nhiều quốc gia
- Cạnh tranh giá khốc liệt
- Người mới rất khó tạo niềm tin với buyer quốc tế
Trong khi đó, Arobid tập trung hỗ trợ doanh nghiệp Việt với hành lang thương mại ưu tiên, hồ sơ được chuẩn hóa và buyer được xác thực.
➡️ Với người mới, Arobid ít rủi ro hơn – dễ bắt đầu hơn – được đồng hành nhiều hơn.

Kết luận:
Anh không cần giỏi XNK ngay từ đầu, Arobid giúp anh:
- Tiếp cận buyer thật
- Chuẩn hóa hồ sơ
- Kết nối đối tác logistics – thanh toán – bảo hiểm uy tín
- Tối ưu từng bước bằng AI
- Và đặc biệt: không thu bất kỳ phí giao dịch nào
→ Đây là mô hình mềm – không ràng buộc – phù hợp nhất cho doanh nghiệp đang lần đầu bước vào xuất khẩu.";;No;Yes;;;;;
2;Arobid B2B Marketplace là gì?;"Arobid – Nền Tảng B2B Marketplace Toàn Diện!
Arobid mang đến không gian giao dịch trực tuyến hiện đại, giúp doanh nghiệp dễ dàng kết nối, đàm phán và hợp tác với đối tác trong nước & quốc tế.

Với hàng triệu sản phẩm và dịch vụ đa dạng, cùng các công cụ thông minh và giải pháp toàn diện, Arobid tối ưu hóa hiệu quả kinh doanh, cắt giảm chi phí và thúc đẩy tăng trưởng bền vững.

Không chỉ là một sàn thương mại, Arobid còn là cầu nối chiến lược, giúp doanh nghiệp tiếp cận đối tác tài chính, logistics, marketing và nhiều lĩnh vực khác, tạo nền tảng vững chắc để vươn xa trên thị trường toàn cầu!

Truy cập https://arobid.com/ để biết thêm thông tin.
Liên hệ [Trung tâm Hỗ trợ Arobid](https://arobid.com/help/vi) hoặc chat trực tuyến để được hướng dẫn thêm.";;No;Yes;;;;;"3;4;5"
3;Arobid TradeXpo Global là gì?;"TradeXpo – Kết Nối Không Giới Hạn, Mở Ra Cơ Hội Toàn Cầu
TradeXpo kết hợp triển lãm thương mại truyền thống và triển lãm số, giúp doanh nghiệp tiếp cận khách hàng toàn cầu dễ dàng, nhanh chóng mà không cần di chuyển.

Là nền tảng tiên phong kết nối các EXPO và chương trình xúc tiến thương mại (XTTM) online với doanh nghiệp, hiệp hội, câu lạc bộ trong nước và quốc tế, TradeXpo giúp mở rộng thị trường, đưa sản phẩm Việt Nam chất lượng cao và đặc sản địa phương vươn xa

Truy cập https://arobid.com/ để biết thêm thông tin.
Liên hệ [Trung tâm Hỗ trợ Arobid](https://arobid.com/help/vi) hoặc chat trực tuyến để được hướng dẫn thêm.";;No;Yes;;;;;"4;5;42"
13;Làm sao để nâng cấp hạng thành viên trên Arobid?;"Trở thành thành viên cao cấp trên Arobid không chỉ giúp bạn tăng độ uy tín, mà còn mở rộng cơ hội tiếp cận khách hàng và hưởng nhiều quyền lợi đặc biệt.

🔹 Bước 1: Chọn chế độ tài khoản Doanh nghiệp > Quản lý Doanh nghiệp > Gói thành viên 
🔹 Bước 2: Chọn gói thành viên – Arobid cung cấp nhiều cấp độ thành viên với các ưu đãi khác nhau, phù hợp với nhu cầu doanh nghiệp.
🔹 Bước 3: Hoàn tất thanh toán – Chọn phương thức thanh toán thuận tiện và kích hoạt ngay gói thành viên.
🔹 Bước 4: Bắt đầu tận hưởng đặc quyền – Hiển thị nổi bật hơn, tiếp cận khách hàng tiềm năng nhanh chóng và tham gia nhiều chương trình hỗ trợ độc quyền.

Nâng cấp ngay hôm nay để tối đa hóa hiệu quả kinh doanh và khẳng định vị thế của bạn trên Arobid! 

Truy cập https://arobid.com/ để biết thêm thông tin.
Liên hệ [Trung tâm Hỗ trợ Arobid](https://arobid.com/help/vi) hoặc chat trực tuyến để được hướng dẫn thêm.";;No;Yes;;;;;"42;43;44"
34;Cách thiết lập/chỉnh sửa gian hàng.;"Bạn muốn làm mới gian hàng, cập nhật thông tin hoặc tối ưu hình ảnh?
Bước 1: Truy cập khu vực làm việc của bạn (Workspace) > chọn Cửa hàng số >  Nhấn “Thiết lập gian hàng” > chọn ''Chỉnh sửa''
Bước 2: Chỉnh sửa thông tin chính xác, bổ sung hình ảnh sắc nét, mô tả thu hút và cập nhật sản phẩm mới.
Bước 3: Nhấn “Lưu” để hoàn tất và làm mới gian hàng ngay lập tức!

Truy cập https://arobid.com/ để biết thêm thông tin.
Liên hệ [Trung tâm Hỗ trợ Arobid](https://arobid.com/help/vi) hoặc chat trực tuyến để được hướng dẫn thêm.";;No;Yes;;;;;"37;38;39"
35;Hướng dẫn tạo sản phẩm.;"Chỉ với vài bước đơn giản, bạn có thể tạo sản phẩm mới:
Bước 1: Truy cập chế độ tài khoản Cửa hàng số >  Nhấn “Quản lý sản phẩm” > chọn “Thêm sản phẩm mới”.'
Bước 2: Nhập đầy đủ thông tin chi tiết sản phẩm, bao gồm 4 phần
🔹 Thông tin cơ bản
🔹 Chi tiết sản phẩm
🔹 Chính sách B2B
🔹 Đóng gói & giao hàng
Bước 3: Nhấn “Tiếp theo” & “Lưu” để hoàn tất
Bước 4: Sau khi sản phẩm được duyệt Nhà cung cấp có thể quảng bá sản phẩm của mình

🔥 Mẹo: Hãy đăng tải Hình ảnh đẹp + mô tả hấp dẫn sẽ giúp Tăng tỷ lệ khách hàng quan tâm gian hàng của bạn!

Truy cập https://arobid.com/ để biết thêm thông tin.
Liên hệ [Trung tâm Hỗ trợ Arobid](https://arobid.com/help/vi) hoặc chat trực tuyến để được hướng dẫn thêm.";;No;Yes;;;;;"36;33;42"
132;Hướng dẫn tạo Báo giá đích danh ;"Hướng Dẫn Tạo Báo Giá Trên Arobid – Chốt Giao Dịch Dễ Dàng!
🔹 Bước 1: Truy cập Quản lý bán hàng> Chọn Quản lý RFQ nhận được hoặc vào "" Tin nhắn cửa hàng'' để xem chi tiết RFQ
 🔹Bước 2 Nhấn ""Báo giá ngay'' để tiến hành báo giá
🔹 Bước 3: Tiến hành thiết lập đơn giá và số lượng sản phẩm 
🔹 Bước 4: Điền đầy đủ các thông tin phương thức vận chuyển, điều kiện thanh toán, hiệu lực báo giá và những thông tin cần thiêt khác.


Truy cập https://arobid.com/ để biết thêm thông tin.
Liên hệ [Trung tâm Hỗ trợ Arobid](https://arobid.com/help/vi) hoặc chat trực tuyến để được hướng dẫn thêm.";;No;Yes;;;;;"38;39;42"
133;Hướng dẫn tạo Báo giá chung ;"Hướng Dẫn Tạo Báo Giá Trên Arobid – Chốt Giao Dịch Dễ Dàng!
🔹 Bước 1: Truy cập Sàn RFQ > Chọn RFQ phù hợp > Nhấn ''Báo giá ngay'' và chọn ""Tạo Báo giá""
🔹 Bước 2: Chọn sản phẩm cần báo giá 
🔹 Bước 3: Điều chỉnh lại số lượng, đơn giá và đơn vị tiền tệ 
🔹 Bước 4: Điền đầy đủ các thông tin phương thức vận chuyển, điều kiện thanh toán, hiệu lực báo giá và những thông tin cần thiêt khác.
🔹 Bước 5: Xem lại toàn bộ nội dung, đảm bảo không có sai sót
🔹 Bước 6: Nhấn ""Gửi báo giá"" để khách hàng xem và phản hồi.
Lưu ý: 
🔹 1. Bổ sung thêm hình ảnh, tài liệu mô tả để tăng độ tin cậy.
🔹 2. Đề xuất mức giá hấp dẫn cho đơn hàng lớn để thu hút khách hàng.


Truy cập https://arobid.com/ để biết thêm thông tin.
Liên hệ [Trung tâm Hỗ trợ Arobid](https://arobid.com/help/vi) hoặc chat trực tuyến để được hướng dẫn thêm.";;No;Yes;;;;;"38;39;42"
41;Arobid có thu phí thành viên không?;"Arobid hoạt động theo mô hình linh hoạt để phù hợp với mọi quy mô và nhu cầu của doanh nghiệp, bao gồm cả Gói miễn phí và các Gói thành viên trả phí với nhiều quyền lợi nâng cao.

Gói miễn phí (Angel):
Bạn hoàn toàn có thể bắt đầu miễn phí để tạo tài khoản, xây dựng một gian hàng cơ bản, đăng tải một số lượng sản phẩm giới hạn và tìm kiếm đối tác trên nền tảng.

Gói thành viên trả phí (Silver, Gold, Diamond):
Khi muốn bứt phá và phát triển kinh doanh một cách nghiêm túc, bạn nên nâng cấp lên các gói thành viên trả phí. Các gói này mang lại những quyền lợi vượt trội như:
- Mở khóa tính năng nâng cao: Đăng tải nhiều sản phẩm hơn, sử dụng các công cụ phân tích thị trường
- Gia tăng cơ hội giao thương: Tiếp cận và gửi báo giá (RFQ) không giới hạn, nhận hỗ trợ ưu tiên.

Vui lòng tham khảo thêm thông tin tại https://membership.arobid.com/vi hoặc liên hệ hotline 1900989815 để biết về chương trình ưu đãi hiện tại của Arobid.";;No;Yes;;;;0;"42;43;44;45"